gerne,interpret,album,release_year,songtitle
Rap,257ers,Boomshakkalakka,2014,Vergleiche a la Boss
Rap,257ers,Boomshakkalakka,2014,Warum
Rap,257ers,Boomshakkalakka,2014,Panic
Rap,257ers,Boomshakkalakka,2014,Irgendwo in Vegas
Rap,257ers,Boomshakkalakka,2014,Übertriebener Rap
Rap,257ers,Boomshakkalakka,2014,Kalle macht den Song
Rap,257ers,Boomshakkalakka,2014,Baby du riechst
Rap,257ers,Boomshakkalakka,2014,Behindert
Rap,257ers,Boomshakkalakka,2014,Piraten
Rap,257ers,Boomshakkalakka,2014,Aus dem Weg
Rap,257ers,Boomshakkalakka,2014,Jump Mutant Jump!
Rap,257ers,Boomshakkalakka,2014,"104,481"
Rap,257ers,Boomshakkalakka,2014,Gruppenzwang
Rap,257ers,Boomshakkalakka,2014,Samba
Rap,257ers,Boomshakkalakka,2014,Seid ihr dabei
Rap,257ers,Boomshakkalakka,2014,Videospiel
Rap,257ers,Boomshakkalakka,2014,Gib mal ein aus
Rap,Alligatoah,ATTNTAT,2006,Terrorist 06
Rap,Alligatoah,ATTNTAT,2006,Weihnachtsmann
Rap,Alligatoah,ATTNTAT,2006,Ich Hasse
Rap,Alligatoah,ATTNTAT,2006,Der Deal
Rap,Alligatoah,ATTNTAT,2006,Anders
Rap,Alligatoah,ATTNTAT,2006,Counterstrike Song
Rap,Alligatoah,ATTNTAT,2006,Du hast recht
Rap,Alligatoah,ATTNTAT,2006,Glücklich
Rap,Alligatoah,ATTNTAT,2006,Geiselnehmah
Rap,Alligatoah,ATTNTAT,2006,Weib
Rap,Alligatoah,In Gottes Namen,2009,In Gottes Namen
Rap,Alligatoah,In Gottes Namen,2009,Dagegen
Rap,Alligatoah,In Gottes Namen,2009,Eine Welt
Rap,Alligatoah,In Gottes Namen,2009,Ich kann am besten I
Rap,Alligatoah,In Gottes Namen,2009,Zwei Missionare
Rap,Alligatoah,In Gottes Namen,2009,Mein Gott hat den Längsten
Rap,Alligatoah,In Gottes Namen,2009,Reallife 1.6
Rap,Alligatoah,In Gottes Namen,2009,Raubkopierah
Rap,Alligatoah,In Gottes Namen,2009,Es gibt einen Ort
Rap,Alligatoah,In Gottes Namen,2009,Teufelskreis
Rap,Alligatoah,In Gottes Namen,2009,Sprenggürtel
Rap,Alligatoah,In Gottes Namen,2009,Im Namen des Gesetzes
Rap,Alligatoah,"Schlaftabletten, Rotwein III",2011,Unten ohne
Rap,Alligatoah,"Schlaftabletten, Rotwein III",2011,Trippersong
Rap,Alligatoah,"Schlaftabletten, Rotwein III",2011,Namen machen
Rap,Alligatoah,"Schlaftabletten, Rotwein III",2011,Es regnet kaum
Rap,Alligatoah,"Schlaftabletten, Rotwein III",2011,Terrorist im Flugzeug
Rap,Alligatoah,"Schlaftabletten, Rotwein III",2011,Unvergleichlich
Rap,Alligatoah,"Schlaftabletten, Rotwein III",2011,Kunst des Bitens Reloaded
Rap,Alligatoah,"Schlaftabletten, Rotwein III",2011,Postmodern
Rap,Alligatoah,"Schlaftabletten, Rotwein III",2011,Badewanne
Rap,Alligatoah,"Schlaftabletten, Rotwein III",2011,Abgestochen
Rap,Alligatoah,"Schlaftabletten, Rotwein III",2011,Terrorist im Theater
Rap,Alligatoah,"Schlaftabletten, Rotwein III",2011,Faszination Bier
Rap,Alligatoah,"Schlaftabletten, Rotwein III",2011,Schwamm drüber
Rap,Alligatoah,"Schlaftabletten, Rotwein III",2011,Geschäftsmann
Rap,Alligatoah,"Schlaftabletten, Rotwein III",2011,Trostpreis
Rap,Alligatoah,"Schlaftabletten, Rotwein III",2011,Meine Band
Rap,Alligatoah,"Schlaftabletten, Rotwein 4",2011,Alligatoah (Lady Gaga Remix)
Rap,Alligatoah,"Schlaftabletten, Rotwein 4",2011,Märchenschlampen
Rap,Alligatoah,"Schlaftabletten, Rotwein 4",2011,Reiten
Rap,Alligatoah,"Schlaftabletten, Rotwein 4",2011,Klüger
Rap,Alligatoah,"Schlaftabletten, Rotwein 4",2011,Meine Freunde von der Insel
Rap,Alligatoah,"Schlaftabletten, Rotwein 4",2011,Deeper Shit
Rap,Alligatoah,"Schlaftabletten, Rotwein 4",2011,Vorn an der Ecke
Rap,Alligatoah,"Schlaftabletten, Rotwein 4",2011,Der Barmherzigste
Rap,Alligatoah,Triebwerke,2013,Wer weiß
Rap,Alligatoah,Triebwerke,2013,Narben
Rap,Alligatoah,Triebwerke,2013,Münchhausen I
Rap,Alligatoah,Triebwerke,2013,Willst du
Rap,Alligatoah,Triebwerke,2013,Fick ihn doch
Rap,Alligatoah,Triebwerke,2013,Wunderschöne Frau
Rap,Alligatoah,Triebwerke,2013,Amnesie
Rap,Alligatoah,Triebwerke,2013,Münchhausen II
Rap,Alligatoah,Triebwerke,2013,Prostitution
Rap,Alligatoah,Triebwerke,2013,Rabenväter
Rap,Alligatoah,Triebwerke,2013,Erntedank
Rap,Alligatoah,Triebwerke,2013,Münchhausen III
Rap,Alligatoah,Triebwerke,2013,Trauerfeier Lied
Rap,Antilopen Gang,Aversion,2014,Die neue Antilopen Gang
Rap,Antilopen Gang,Aversion,2014,Ikearegal
Rap,Antilopen Gang,Aversion,2014,Verliebt
Rap,Antilopen Gang,Aversion,2014,Outlaws
Rap,Antilopen Gang,Aversion,2014,Beate Zschäpe hört U2
Rap,Antilopen Gang,Aversion,2014,Anti Alles Aktion
Rap,Antilopen Gang,Aversion,2014,Enkeltrick
Rap,Antilopen Gang,Aversion,2014,Beton
Rap,Antilopen Gang,Aversion,2014,Déjà-Vu
Rap,Antilopen Gang,Aversion,2014,Unterseeboot
Rap,Antilopen Gang,Aversion,2014,Spring
Rap,Antilopen Gang,Abwasser,2015,Abwasser
Rap,Antilopen Gang,Abwasser,2015,Neoliberale Subkultur
Rap,Antilopen Gang,Abwasser,2015,Molotowcocktails auf die Bibliotheken
Rap,Antilopen Gang,Abwasser,2015,Insolvenzverwalter
Rap,Antilopen Gang,Abwasser,2015,Chocomel und Vla
Rap,Antilopen Gang,Abwasser,2015,Mach mit
Rap,Antilopen Gang,Abwasser,2015,Alkilopen
Rap,Antilopen Gang,Anarchie Und Alltag,2017,Das Trojanische Pferd
Rap,Antilopen Gang,Anarchie Und Alltag,2017,Pizza
Rap,Antilopen Gang,Anarchie Und Alltag,2017,Tindermatch
Rap,Antilopen Gang,Anarchie Und Alltag,2017,ALF
Rap,Antilopen Gang,Anarchie Und Alltag,2017,Liebe Grüße
Rap,Antilopen Gang,Anarchie Und Alltag,2017,Hilfe
Rap,Antilopen Gang,Anarchie Und Alltag,2017,Baggersee
Rap,Antilopen Gang,Anarchie Und Alltag,2017,Fugen im Parkett
Rap,Antilopen Gang,Anarchie Und Alltag,2017,Flop
Rap,Antilopen Gang,Anarchie Und Alltag,2017,RAF Rentner
Rap,Antilopen Gang,Anarchie Und Alltag,2017,Lob der Lüge
Rap,Antilopen Gang,Anarchie Und Alltag,2017,Gestern war nicht besser
Rap,Absolute Beginner,Bambule,1998,Das Boot
Rap,Absolute Beginner,Bambule,1998,Hammerhart
Rap,Absolute Beginner,Bambule,1998,Rock On
Rap,Absolute Beginner,Bambule,1998,Liebes Lied
Rap,Absolute Beginner,Bambule,1998,Füchse
Rap,Absolute Beginner,Bambule,1998,Showmaster
Rap,Absolute Beginner,Bambule,1998,Geht was
Rap,Absolute Beginner,Bambule,1998,Geh bitte
Rap,Absolute Beginner,Bambule,1998,Nie nett
Rap,Absolute Beginner,Bambule,1998,Mikro in der Hand
Rap,Absolute Beginner,Bambule,1998,Nicht allein
Rap,Beginner,Blast Action Heroes,2003,Back In Town
Rap,Beginner,Blast Action Heroes,2003,Scheinwerfer
Rap,Beginner,Blast Action Heroes,2003,Gustav Gans
Rap,Beginner,Blast Action Heroes,2003,City Blues
Rap,Beginner,Blast Action Heroes,2003,Schiss
Rap,Beginner,Blast Action Heroes,2003,Stift her
Rap,Beginner,Blast Action Heroes,2003,St. Anger
Rap,Beginner,Blast Action Heroes,2003,Chili-Chil Bäng Bäng
Rap,Beginner,Blast Action Heroes,2003,Hör weg
Rap,Beginner,Blast Action Heroes,2003,Fäule
Rap,Beginner,Blast Action Heroes,2003,Wunderschön
Rap,Beginner,Blast Action Heroes,2003,Kake Is At The Dampf
Rap,Beginner,Advanced Chemistry,2016,Ahnma
Rap,Beginner,Advanced Chemistry,2016,Es war einmal...
Rap,Beginner,Advanced Chemistry,2016,Meine Posse
Rap,Beginner,Advanced Chemistry,2016,Schelle
Rap,Beginner,Advanced Chemistry,2016,So schön
Rap,Beginner,Advanced Chemistry,2016,Rambo No. 5
Rap,Beginner,Advanced Chemistry,2016,Kater
Rap,Beginner,Advanced Chemistry,2016,Spam
Rap,Beginner,Advanced Chemistry,2016,Thomas Anders
Rap,Beginner,Advanced Chemistry,2016,Macha Macha
Rap,Beginner,Advanced Chemistry,2016,Nach Hause
Rap,Bushido,King Of Kingz,2001,King of Kingz
Rap,Bushido,King Of Kingz,2001,Arschfick
Rap,Bushido,King Of Kingz,2001,Ich hab euch nicht vergessen
Rap,Bushido,King Of Kingz,2001,Nutte Bounce
Rap,Bushido,King Of Kingz,2001,Fick Rap
Rap,Bushido,King Of Kingz,2001,Schwarze Seite
Rap,Bushido,King Of Kingz,2001,Wie ein Engel
Rap,Bushido,King Of Kingz,2001,Pitbull
Rap,Bushido,King Of Kingz,2001,Mit dem Schwanz in der Hand
Rap,Bushido,King Of Kingz,2001,Vack You!
Rap,Bushido,King Of Kingz,2001,Sternenstaub
Rap,Bushido,Vom Bordstein Bis Zur Skyline,2003,Elektrofaust
Rap,Bushido,Vom Bordstein Bis Zur Skyline,2003,Bushido
Rap,Bushido,Vom Bordstein Bis Zur Skyline,2003,Bei Nacht
Rap,Bushido,Vom Bordstein Bis Zur Skyline,2003,Berlin
Rap,Bushido,Vom Bordstein Bis Zur Skyline,2003,Vaterland
Rap,Bushido,Vom Bordstein Bis Zur Skyline,2003,Eine Kugel reicht
Rap,Bushido,Vom Bordstein Bis Zur Skyline,2003,Mein Revier
Rap,Bushido,Vom Bordstein Bis Zur Skyline,2003,Renn
Rap,Bushido,Vom Bordstein Bis Zur Skyline,2003,Gemein wie 10
Rap,Bushido,Vom Bordstein Bis Zur Skyline,2003,Tempelhof Rock
Rap,Bushido,Vom Bordstein Bis Zur Skyline,2003,Asphalt
Rap,Bushido,Vom Bordstein Bis Zur Skyline,2003,Stupid white Man
Rap,Bushido,Vom Bordstein Bis Zur Skyline,2003,Dreckstück
Rap,Bushido,Vom Bordstein Bis Zur Skyline,2003,Pussy
Rap,Bushido,Vom Bordstein Bis Zur Skyline,2003,Vom Bordstein bis zur Skyline
Rap,Bushido,Electro Ghetto,2004,Electro Ghetto
Rap,Bushido,Electro Ghetto,2004,Kopf hoch
Rap,Bushido,Electro Ghetto,2004,Schmetterling
Rap,Bushido,Electro Ghetto,2004,Typisch ich
Rap,Bushido,Electro Ghetto,2004,Ewige Nacht
Rap,Bushido,Electro Ghetto,2004,Teufelskreis
Rap,Bushido,Electro Ghetto,2004,Gangbang
Rap,Bushido,Electro Ghetto,2004,Gemein wie 100
Rap,Bushido,Electro Ghetto,2004,Knast oder Ruhm
Rap,Bushido,Electro Ghetto,2004,Wenn Wir Kommen
Rap,Bushido,Electro Ghetto,2004,Feuersturm
Rap,Bushido,Electro Ghetto,2004,Hoffnung stirbt zuletzt
Rap,Bushido,Electro Ghetto,2004,Ihr wartet drauf
Rap,Bushido,Electro Ghetto,2004,Nie wieder
Rap,Bushido,Staatsfeind Nr. 1,2005,Waffendealer
Rap,Bushido,Staatsfeind Nr. 1,2005,Der Sandmann
Rap,Bushido,Staatsfeind Nr. 1,2005,Die Stimme der Nation
Rap,Bushido,Staatsfeind Nr. 1,2005,Untergrund
Rap,Bushido,Staatsfeind Nr. 1,2005,Engel
Rap,Bushido,Staatsfeind Nr. 1,2005,Ab 18
Rap,Bushido,Staatsfeind Nr. 1,2005,Das Leben Ist Hart
Rap,Bushido,Staatsfeind Nr. 1,2005,Staatsfeind Nr. 1
Rap,Bushido,Staatsfeind Nr. 1,2005,Sieh in Meine Augen
Rap,Bushido,Staatsfeind Nr. 1,2005,Harter Brocken
Rap,Bushido,Staatsfeind Nr. 1,2005,Hymne der Straße
Rap,Bushido,Staatsfeind Nr. 1,2005,Augenblick
Rap,Bushido,Staatsfeind Nr. 1,2005,Endgegner
Rap,Bushido,Staatsfeind Nr. 1,2005,Bis Wir Uns Wiedersehen
Rap,Bushido,Staatsfeind Nr. 1,2005,Wir Regieren Deutschland
Rap,Bushido,Staatsfeind Nr. 1,2005,Mein Leben Lang
Rap,Bushido,Von Der Skyline Zum Bordstein Zurück,2006,Universal Soldier
Rap,Bushido,Von Der Skyline Zum Bordstein Zurück,2006,Goldrapper
Rap,Bushido,Von Der Skyline Zum Bordstein Zurück,2006,Sonnenbank Flavour
Rap,Bushido,Von Der Skyline Zum Bordstein Zurück,2006,Kurt Cobain
Rap,Bushido,Von Der Skyline Zum Bordstein Zurück,2006,Wenn ein Gangster weint
Rap,Bushido,Von Der Skyline Zum Bordstein Zurück,2006,Ich schlafe ein
Rap,Bushido,Von Der Skyline Zum Bordstein Zurück,2006,Hast Du was bist Du was
Rap,Bushido,Von Der Skyline Zum Bordstein Zurück,2006,Alphatier
Rap,Bushido,Von Der Skyline Zum Bordstein Zurück,2006,Bloodsport
Rap,Bushido,Von Der Skyline Zum Bordstein Zurück,2006,Sex in the city
Rap,Bushido,Von Der Skyline Zum Bordstein Zurück,2006,Dealer vom Block
Rap,Bushido,Von Der Skyline Zum Bordstein Zurück,2006,Bravo Cover
Rap,Bushido,Von Der Skyline Zum Bordstein Zurück,2006,Ich regele das
Rap,Bushido,Von Der Skyline Zum Bordstein Zurück,2006,Kickboxer
Rap,Bushido,Von Der Skyline Zum Bordstein Zurück,2006,Blaues Licht
Rap,Bushido,Von Der Skyline Zum Bordstein Zurück,2006,Janine
Rap,Bushido,Von Der Skyline Zum Bordstein Zurück,2006,Kein Fenster
Rap,Bushido,Von Der Skyline Zum Bordstein Zurück,2006,Von der Skyline zum Bordstein zurück
Rap,Bushido,7,2007,Hinter dem Horizont
Rap,Bushido,7,2007,Es kann beginnen
Rap,Bushido,7,2007,So sein wie sie
Rap,Bushido,7,2007,Heile Welt
Rap,Bushido,7,2007,Dieser eine Wunsch
Rap,Bushido,7,2007,Alles verloren
Rap,Bushido,7,2007,Abschaum
Rap,Bushido,7,2007,Keine Sonne
Rap,Bushido,7,2007,Wo du hier gelandet bist
Rap,Bushido,7,2007,Reich mir nicht deine Hand
Rap,Bushido,7,2007,Asylantenstatus
Rap,Bushido,7,2007,Regenbogen
Rap,Bushido,7,2007,Wer ich bin
Rap,Bushido,7,2007,Wahrheit
Rap,Bushido,7,2007,Stadt der Engel
Rap,Bushido,Zeiten Ändern Dich,2010,Zeiten ändern dich
Rap,Bushido,Zeiten Ändern Dich,2010,Ein Mann Armee
Rap,Bushido,Zeiten Ändern Dich,2010,23 Stunden Zelle
Rap,Bushido,Zeiten Ändern Dich,2010,Lichtlein
Rap,Bushido,Zeiten Ändern Dich,2010,Airmax auf Beton
Rap,Bushido,Zeiten Ändern Dich,2010,Alles wird gut
Rap,Bushido,Zeiten Ändern Dich,2010,Ich lass dich gehen
Rap,Bushido,Zeiten Ändern Dich,2010,Öffne uns die Tür
Rap,Bushido,Zeiten Ändern Dich,2010,Es tut mir so leid
Rap,Bushido,Zeiten Ändern Dich,2010,Selina
Rap,Bushido,Zeiten Ändern Dich,2010,Steh auf
Rap,Bushido,Zeiten Ändern Dich,2010,Nur für dich (Mama)
Rap,Bushido,Zeiten Ändern Dich,2010,Battle on the Rockz
Rap,Bushido,AMYF,2012,Selbst ist der Mann
Rap,Bushido,AMYF,2012,Lebende Legende
Rap,Bushido,AMYF,2012,Anis Ferchichi
Rap,Bushido,AMYF,2012,Lass mich allein
Rap,Bushido,AMYF,2012,Das echte Leben
Rap,Bushido,AMYF,2012,Ihr habt mich gemacht
Rap,Bushido,AMYF,2012,Kleine Bushidos
Rap,Bushido,AMYF,2012,Snare Drum ich rap
Rap,Bushido,AMYF,2012,Mitten im Leben
Rap,Bushido,AMYF,2012,Nicht so wie ihr
Rap,Bushido,AMYF,2012,Theorie und Praxis
Rap,Bushido,AMYF,2012,Hass
Rap,Bushido,AMYF,2012,Aaliyah
Rap,Bushido,AMYF,2012,Grenzenlos
Rap,Bushido,AMYF,2012,A.M.Y.F.
Rap,Bushido,AMYF,2012,Euer bester Feind
Rap,Bushido,Sonny Black,2014,Fotzen
Rap,Bushido,Sonny Black,2014,Jeder meiner Freunde
Rap,Bushido,Sonny Black,2014,Haifisch
Rap,Bushido,Sonny Black,2014,Mitten in der Nacht
Rap,Bushido,Sonny Black,2014,Crackdealer Sound
Rap,Bushido,Sonny Black,2014,Sporttasche
Rap,Bushido,Sonny Black,2014,Osama Flow
Rap,Bushido,Sonny Black,2014,Gangsta Rap Kings
Rap,Bushido,Sonny Black,2014,Messerstecherei
Rap,Bushido,Sonny Black,2014,Blei-Patronen
Rap,Bushido,Sonny Black,2014,John Wayne
Rap,Bushido,Sonny Black,2014,Tausend Gründe
Rap,Bushido,Sonny Black,2014,Baseballschläger
Rap,Bushido,Sonny Black,2014,AMG
Rap,Casper,Die Welt Hört Mich,2006,Wieder Zurück
Rap,Casper,Die Welt Hört Mich,2006,Caspers Stadt
Rap,Casper,Die Welt Hört Mich,2006,Klatschtüte
Rap,Casper,Die Welt Hört Mich,2006,Lippenlesen
Rap,Casper,Die Welt Hört Mich,2006,Druck
Rap,Casper,Die Welt Hört Mich,2006,Letz Fetz
Rap,Casper,Die Welt Hört Mich,2006,Die Hütte Brennt
Rap,Casper,Die Welt Hört Mich,2006,Abriss
Rap,Casper,Die Welt Hört Mich,2006,Propeller
Rap,Casper,Die Welt Hört Mich,2006,Zauber Pur
Rap,Casper,Die Welt Hört Mich,2006,Immer Fly
Rap,Casper,Die Welt Hört Mich,2006,Die Welt Hört Mich
Rap,Casper,Die Welt Hört Mich,2006,Kippenpause
Rap,Casper,Die Welt Hört Mich,2006,Blute Mich Durch
Rap,Casper,Die Welt Hört Mich,2006,Rasierklingenliebe
Rap,Casper,Hin Zur Sonne,2008,Hin Zur Sonne
Rap,Casper,Hin Zur Sonne,2008,Deine Jugend
Rap,Casper,Hin Zur Sonne,2008,Die Welt Steht Still
Rap,Casper,Hin Zur Sonne,2008,Hundeleben
Rap,Casper,Hin Zur Sonne,2008,Casper! Bumaye
Rap,Casper,Hin Zur Sonne,2008,Bevor Das Licht Erlischt
Rap,Casper,Hin Zur Sonne,2008,In Deinen Armen
Rap,Casper,Hin Zur Sonne,2008,Der Letzte Tanz
Rap,Casper,Hin Zur Sonne,2008,Unzerbrechlich
Rap,Casper,Hin Zur Sonne,2008,Verdammt Nah Dran
Rap,Casper,Hin Zur Sonne,2008,Stampf Ihn Ein
Rap,Casper,Hin Zur Sonne,2008,Straße 2
Rap,Casper,Hin Zur Sonne,2008,Kein Held
Rap,Casper,Hin Zur Sonne,2008,Lerne Laufen
Rap,Casper,XOXO,2011,Auf Und Davon
Rap,Casper,XOXO,2011,XOXO
Rap,Casper,XOXO,2011,Michael X
Rap,Casper,XOXO,2011,Alaska
Rap,Casper,XOXO,2011,Das Grizzly Lied
Rap,Casper,XOXO,2011,So Perfekt
Rap,Casper,XOXO,2011,Die Letzte Gang Der Stadt
Rap,Casper,XOXO,2011,230409
Rap,Casper,XOXO,2011,Lilablau
Rap,Casper,XOXO,2011,Arlen Griffey Prelude
Rap,Casper,XOXO,2011,Kontrolle Schlaf
Rap,Casper,Hinterland,2013,Im Ascheregen
Rap,Casper,Hinterland,2013,Hinterland
Rap,Casper,Hinterland,2013,Alles endet (Aber Nie Die Musik)
Rap,Casper,Hinterland,2013,20qm
Rap,Casper,Hinterland,2013,Ariel
Rap,Casper,Hinterland,2013,Ganz schön okay
Rap,Casper,Hinterland,2013,La Rue Morgue
Rap,Casper,Hinterland,2013,Jambalaya
Rap,Casper,Hinterland,2013,Endlich angekommen
Rap,Cro,Trash,2009,Oh
Rap,Cro,Trash,2009,Blank
Rap,Cro,Trash,2009,What
Rap,Cro,Trash,2009,Traumfrau
Rap,Cro,Trash,2009,Verpennt
Rap,Cro,Trash,2009,Liebe
Rap,Cro,Trash,2009,Dance
Rap,Cro,Trash,2009,Nenn mich CRO
Rap,Cro,Trash,2009,Kein Entkommen
Rap,Cro,Trash,2009,Warum
Rap,Cro,Trash,2009,Ich bin im Club
Rap,Cro,Trash,2009,Lehn dich zurück
Rap,Cro,Trash,2009,Dein Freund
Rap,Cro,Trash,2009,Zurück zum Anfang
Rap,Cro,Meine Musik,2011,Einmal um die Welt
Rap,Cro,Meine Musik,2011,Sorry Girl
Rap,Cro,Meine Musik,2011,Blank II
Rap,Cro,Meine Musik,2011,Meine Musik
Rap,Cro,Meine Musik,2011,Mehr davon
Rap,Cro,Meine Musik,2011,Super gelaunt
Rap,Cro,Meine Musik,2011,Immer die Falschen
Rap,Cro,Meine Musik,2011,Drei Minuten
Rap,Cro,Meine Musik,2011,Star
Rap,Cro,Meine Musik,2011,Higher
Rap,Cro,Meine Musik,2011,Frauen
Rap,Cro,Easy,2011,Easy
Rap,Cro,Easy,2011,Kein Benz
Rap,Cro,Easy,2011,Allein
Rap,Cro,Easy,2011,Immer da
Rap,Cro,Easy,2011,Rockstar
Rap,Cro,Easy,2011,Meine Musik
Rap,Cro,Easy,2011,Hi Kids
Rap,Cro,Easy,2011,Vorbei
Rap,Cro,Easy,2011,Geht gut
Rap,Cro,Easy,2011,Wir waren hier
Rap,Cro,Raop,2012,King of Raop
Rap,Cro,Raop,2012,Geile Welt
Rap,Cro,Raop,2012,Du
Rap,Cro,Raop,2012,Wie ich bin
Rap,Cro,Raop,2012,Meine Zeit
Rap,Cro,Raop,2012,Nie mehr
Rap,Cro,Raop,2012,Jeder Tag
Rap,Cro,Raop,2012,Genau so
Rap,Cro,Raop,2012,Einmal um die Welt
Rap,Cro,Raop,2012,Ein Teil
Rap,Cro,Sunny,2013,Für immer hier
Rap,Cro,Sunny,2013,Drinks auf mich
Rap,Cro,Sunny,2013,Die Welt gehört dir
Rap,Cro,Sunny,2013,Mein Mädchen
Rap,Cro,Sunny,2013,Non Stop
Rap,Cro,Sunny,2013,Sunny
Rap,Cro,Sunny,2013,Stehtisch Freestyle
Rap,Cro,Sunny,2013,Höhenangst
Rap,Cro,Sunny,2013,Superman
Rap,Cro,Sunny,2013,Jedesmal
Rap,Cro,Sunny,2013,Lange her
Rap,Cro,Melodie,2014,Meine Gang (Bang Bang)
Rap,Cro,Melodie,2014,Erinnerung
Rap,Cro,Melodie,2014,Traum
Rap,Cro,Melodie,2014,Bad Chick
Rap,Cro,Melodie,2014,Never Cro Up
Rap,Cro,Melodie,2014,2006
Rap,Cro,Melodie,2014,Cop Love
Rap,Cro,Melodie,2014,Hey Girl
Rap,Cro,Melodie,2014,Rennen
Rap,Cro,Melodie,2014,Vielleicht
Rap,Cro,Melodie,2014,Jetzt
Rap,Cro,Melodie,2014,Melodie
Rap,Culcha Candela,Culcha Candela,2007,Hamma!
Rap,Culcha Candela,Culcha Candela,2007,Chica
Rap,Culcha Candela,Culcha Candela,2007,Besonderer Tag
Rap,Culcha Candela,Culcha Candela,2007,Ey DJ
Rap,Culcha Candela,Culcha Candela,2007,Quisiera
Rap,Culcha Candela,Culcha Candela,2007,90-60-100
Rap,Culcha Candela,Culcha Candela,2007,Krayzee
Rap,Culcha Candela,Culcha Candela,2007,Tara
Rap,Culcha Candela,Schöne Neue Welt,2009,Schöne neue Welt
Rap,Culcha Candela,Schöne Neue Welt,2009,Somma im Kiez
Rap,Culcha Candela,Schöne Neue Welt,2009,Monsta
Rap,Culcha Candela,Schöne Neue Welt,2009,Manchmal
Rap,Culcha Candela,Schöne Neue Welt,2009,The Greatest
Rap,Culcha Candela,Schöne Neue Welt,2009,I Like It
Rap,Culcha Candela,Schöne Neue Welt,2009,Eiskalt
Rap,Culcha Candela,Schöne Neue Welt,2009,Relax
Rap,Culcha Candela,Schöne Neue Welt,2009,Steh auf
Rap,Deichkind,Bitte Ziehen Sie Durch,2000,Smogcity
Rap,Deichkind,Bitte Ziehen Sie Durch,2000,Bon Voyage
Rap,Deichkind,Bitte Ziehen Sie Durch,2000,Safari
Rap,Deichkind,Bitte Ziehen Sie Durch,2000,Evergreens
Rap,Deichkind,Bitte Ziehen Sie Durch,2000,Was der Anlass
Rap,Deichkind,Bitte Ziehen Sie Durch,2000,Flammenmeer
Rap,Deichkind,Bitte Ziehen Sie Durch,2000,Günther
Rap,Deichkind,Bitte Ziehen Sie Durch,2000,T2wei
Rap,Deichkind,Bitte Ziehen Sie Durch,2000,Kabeljau Inferno
Rap,Deichkind,Bitte Ziehen Sie Durch,2000,Weit weg
Rap,Deichkind,Bitte Ziehen Sie Durch,2000,Feature
Rap,Deichkind,Bitte Ziehen Sie Durch,2000,Schweiß und Tränen
Rap,Deichkind,Bitte Ziehen Sie Durch,2000,Komm schon!
Rap,Deichkind,Bitte Ziehen Sie Durch,2000,Imbissmief 040
Rap,Deichkind,Noch Fünf Minuten Mutti,2002,Crew vom Deich
Rap,Deichkind,Noch Fünf Minuten Mutti,2002,Geheimnis
Rap,Deichkind,Noch Fünf Minuten Mutti,2002,Gib mir mehr
Rap,Deichkind,Noch Fünf Minuten Mutti,2002,Pling Pling
Rap,Deichkind,Noch Fünf Minuten Mutti,2002,Prof. Dr. Gerhardt Köpke
Rap,Deichkind,Noch Fünf Minuten Mutti,2002,Königlich royal
Rap,Deichkind,Noch Fünf Minuten Mutti,2002,Tarantuhla in the Darkness
Rap,Deichkind,Noch Fünf Minuten Mutti,2002,La Playa
Rap,Deichkind,Noch Fünf Minuten Mutti,2002,Sex im Kopf
Rap,Deichkind,Noch Fünf Minuten Mutti,2002,Drogenrausch
Rap,Deichkind,Noch Fünf Minuten Mutti,2002,Zellmoser
Rap,Deichkind,Noch Fünf Minuten Mutti,2002,Limit
Rap,Deichkind,Noch Fünf Minuten Mutti,2002,Günther 2002
Rap,Deichkind,Noch Fünf Minuten Mutti,2002,Pferd im Stall
Rap,Deichkind,Noch Fünf Minuten Mutti,2002,Da wo
Rap,Deichkind,Aufstand Im Schlaraffenland,2006,Voodoo
Rap,Deichkind,Aufstand Im Schlaraffenland,2006,Remmidemmi (Yippie Yippie Yeah)
Rap,Deichkind,Aufstand Im Schlaraffenland,2006,Aufstand im Schlaraffenland
Rap,Deichkind,Aufstand Im Schlaraffenland,2006,Ich betäube mich
Rap,Deichkind,Aufstand Im Schlaraffenland,2006,Silberweidenpark
Rap,Deichkind,Aufstand Im Schlaraffenland,2006,Papillion
Rap,Deichkind,Aufstand Im Schlaraffenland,2006,E.S.D.B.
Rap,Deichkind,Aufstand Im Schlaraffenland,2006,Jüjük
Rap,Deichkind,Aufstand Im Schlaraffenland,2006,Prost
Rap,Deichkind,Aufstand Im Schlaraffenland,2006,Krieg
Rap,Deichkind,Arbeit Nervt!,2008,Hört ihr die Signale
Rap,Deichkind,Arbeit Nervt!,2008,Dicker Bauch
Rap,Deichkind,Arbeit Nervt!,2008,Arbeit nervt
Rap,Deichkind,Arbeit Nervt!,2008,Ich und mein Computer
Rap,Deichkind,Arbeit Nervt!,2008,23 Dohlen
Rap,Deichkind,Arbeit Nervt!,2008,Luftbahn
Rap,Deichkind,Arbeit Nervt!,2008,Metro
Rap,Deichkind,Arbeit Nervt!,2008,Klötersound
Rap,Deichkind,Arbeit Nervt!,2008,Gut dabei
Rap,Deichkind,Arbeit Nervt!,2008,Im Raucherzimmer
Rap,Deichkind,Arbeit Nervt!,2008,Travelpussy
Rap,Deichkind,Arbeit Nervt!,2008,Hoverkraft
Rap,Deichkind,Arbeit Nervt!,2008,Komm rüber
Rap,Deichkind,Arbeit Nervt!,2008,Urlaub vom Urlaub
Rap,Deichkind,Befehl Von Ganz Unten,2012,Tetrahedon
Rap,Deichkind,Befehl Von Ganz Unten,2012,99 Bierkanister
Rap,Deichkind,Befehl Von Ganz Unten,2012,Befehl von ganz unten
Rap,Deichkind,Befehl Von Ganz Unten,2012,Leider geil (Leider geil)
Rap,Deichkind,Befehl Von Ganz Unten,2012,Der Mond
Rap,Deichkind,Befehl Von Ganz Unten,2012,Illegale Fans
Rap,Deichkind,Befehl Von Ganz Unten,2012,Partnerlook
Rap,Deichkind,Befehl Von Ganz Unten,2012,Bück dich hoch
Rap,Deichkind,Befehl Von Ganz Unten,2012,Egolution
Rap,Deichkind,Befehl Von Ganz Unten,2012,Pferd aus Glas
Rap,Deichkind,Befehl Von Ganz Unten,2012,Der Strahl
Rap,Deichkind,Befehl Von Ganz Unten,2012,Die rote Kiste
Rap,Deichkind,Befehl Von Ganz Unten,2012,Roll das Fass rein
Rap,Deichkind,Befehl Von Ganz Unten,2012,Herz aus Hack
Rap,Deichkind,Niveau Weshalb Warum,2015,Denken sie groß
Rap,Deichkind,Niveau Weshalb Warum,2015,Like mich am Arsch
Rap,Deichkind,Niveau Weshalb Warum,2015,Powered by Emotion
Rap,Deichkind,Niveau Weshalb Warum,2015,Porzellan und Elefanten
Rap,Deichkind,Niveau Weshalb Warum,2015,Mehr als lebensgefährlich
Rap,Deichkind,Niveau Weshalb Warum,2015,Der Flohmarkt ruft
Rap,Deichkind,Niveau Weshalb Warum,2015,Naschfuchs
Rap,Deichkind,Niveau Weshalb Warum,2015,Die Welt ist fertig
Rap,Deichkind,Niveau Weshalb Warum,2015,Niveau weshalb warum
Rap,Deichkind,Niveau Weshalb Warum,2015,Hauptsache nichts mit Menschen
Rap,Deichkind,Niveau Weshalb Warum,2015,Oma gib Handtasche
Rap,Dendemann,DasSchweigenDilemma,2003,Saldo Mortale
Rap,Dendemann,DasSchweigenDilemma,2003,Lieblingsmensch
Rap,Dendemann,DasSchweigenDilemma,2003,So siehts aus
Rap,Dendemann,DasSchweigenDilemma,2003,Was auch immer
Rap,Dendemann,DasSchweigenDilemma,2003,Bad Rhymes
Rap,Dendemann,Die Pfütze Des Eisbergs,2006,Check mal die Rhetorik ab
Rap,Dendemann,Die Pfütze Des Eisbergs,2006,Das erste Mal
Rap,Dendemann,Die Pfütze Des Eisbergs,2006,Das Lied mit dem ...
Rap,Dendemann,Die Pfütze Des Eisbergs,2006,Gut und gerne
Rap,Dendemann,Die Pfütze Des Eisbergs,2006,Endlich Nichtschwimmer
Rap,Dendemann,Die Pfütze Des Eisbergs,2006,3 1/2 Minuten
Rap,Dendemann,Die Pfütze Des Eisbergs,2006,Kommt Zeit dreht Rad
Rap,Dendemann,Die Pfütze Des Eisbergs,2006,Inhalation
Rap,Dendemann,Die Pfütze Des Eisbergs,2006,LaLaLabernich
Rap,Dendemann,Die Pfütze Des Eisbergs,2006,Volle Kontrolle
Rap,Dendemann,Die Pfütze Des Eisbergs,2006,Sachma gehtsnoch
Rap,Dendemann,Die Pfütze Des Eisbergs,2006,ErsoIchso
Rap,Dendemann,Die Pfütze Des Eisbergs,2006,Hörtnichauf
Rap,Dendemann,Die Pfütze Des Eisbergs,2006,Sensationell
Rap,Dendemann,Die Pfütze Des Eisbergs,2006,Dende 74
Rap,Dendemann,Die Pfütze Des Eisbergs,2006,Gangsterbraut
Rap,Dendemann,Vom Vintage Verweht,2010,Nesthocker
Rap,Dendemann,Vom Vintage Verweht,2010,Stumpf Ist Trumpf 3.0
Rap,Dendemann,Vom Vintage Verweht,2010,V.N.D.
Rap,Dendemann,Vom Vintage Verweht,2010,0 Robota
Rap,Dendemann,Vom Vintage Verweht,2010,Freie Radikale GbRdH
Rap,Dendemann,Vom Vintage Verweht,2010,Tierisch
Rap,Dendemann,Vom Vintage Verweht,2010,Petze
Rap,Dendemann,Vom Vintage Verweht,2010,Metapher Than Leather
Rap,Dendemann,Vom Vintage Verweht,2010,Es Geht Bergab
Rap,Dendemann,Vom Vintage Verweht,2010,Hörma!
Rap,Dendemann,Vom Vintage Verweht,2010,Papierkrieg
Rap,Die Fantastischen Vier,4 Gewinnt,1992,Vier gewinnt
Rap,Die Fantastischen Vier,4 Gewinnt,1992,Hört euch den hier an
Rap,Die Fantastischen Vier,4 Gewinnt,1992,Saft
Rap,Die Fantastischen Vier,4 Gewinnt,1992,Dicker Pulli
Rap,Die Fantastischen Vier,4 Gewinnt,1992,Na Gut
Rap,Die Fantastischen Vier,4 Gewinnt,1992,Einen noch
Rap,Die Fantastischen Vier,4 Gewinnt,1992,Es wird Regen geben
Rap,Die Fantastischen Vier,4 Gewinnt,1992,Plattenspieler
Rap,Die Fantastischen Vier,4 Gewinnt,1992,Hip Hop Musik
Rap,Die Fantastischen Vier,4 Gewinnt,1992,Laß die Sonne rein
Rap,Die Fantastischen Vier,4 Gewinnt,1992,Thomas und die Fraun
Rap,Die Fantastischen Vier,4 Gewinnt,1992,Nonixnarretz
Rap,Die Fantastischen Vier,4 Gewinnt,1992,Jaaa
Rap,Die Fantastischen Vier,4 Gewinnt,1992,Reich
Rap,Die Fantastischen Vier,4 Gewinnt,1992,Individuell aber schnell
Rap,Die Fantastischen Vier,4 Gewinnt,1992,Arschloch
Rap,Die Fantastischen Vier,Lauschgift,1995,Lauschgift
Rap,Die Fantastischen Vier,Lauschgift,1995,Populär
Rap,Die Fantastischen Vier,Lauschgift,1995,Sie ist weg
Rap,Die Fantastischen Vier,Lauschgift,1995,Frühstück
Rap,Die Fantastischen Vier,Lauschgift,1995,Was geht
Rap,Die Fantastischen Vier,Lauschgift,1995,Nur in deinem Kopf
Rap,Die Fantastischen Vier,Lauschgift,1995,Die Geschichte des O
Rap,Die Fantastischen Vier,Lauschgift,1995,Ich bin
Rap,Die Fantastischen Vier,Lauschgift,1995,Hey Baby
Rap,Die Fantastischen Vier,Lauschgift,1995,Michi gegen die Gesellschaft
Rap,Die Fantastischen Vier,Lauschgift,1995,Brems 2000
Rap,Die Fantastischen Vier,Lauschgift,1995,Thomas und die Philosophie
Rap,Die Fantastischen Vier,Lauschgift,1995,On the Next Album
Rap,Die Fantastischen Vier,Lauschgift,1995,Locker bleiben
Rap,Die Fantastischen Vier,Lauschgift,1995,Love Sucks
Rap,Die Fantastischen Vier,Lauschgift,1995,Wie die Anderen
Rap,Die Fantastischen Vier,Lauschgift,1995,Konsum
Rap,Die Fantastischen Vier,Lauschgift,1995,Krieger
Rap,Die Fantastischen Vier,Lauschgift,1995,Albert und die Philosophie
Rap,Die Fantastischen Vier,05:39,1999,30 Mark
Rap,Die Fantastischen Vier,05:39,1999,MfG
Rap,Die Fantastischen Vier,05:39,1999,Hammer
Rap,Die Fantastischen Vier,05:39,1999,Die Stadt die es nicht gibt
Rap,Die Fantastischen Vier,05:39,1999,Alles schon gesehen
Rap,Die Fantastischen Vier,05:39,1999,Michi Beck in Hell
Rap,Die Fantastischen Vier,05:39,1999,Home Again
Rap,Die Fantastischen Vier,05:39,1999,Le Smou
Rap,Die Fantastischen Vier,05:39,1999,Weiter als du denkst
Rap,Die Fantastischen Vier,05:39,1999,Millionen Legionen
Rap,Die Fantastischen Vier,05:39,1999,Schmock
Rap,Die Fantastischen Vier,05:39,1999,Hoffnung
Rap,Die Fantastischen Vier,05:39,1999,Buenos Dias Messias
Rap,Die Fantastischen Vier,05:39,1999,Gute Nacht
Rap,Die Fantastischen Vier,Viel,2004,Bring it Back
Rap,Die Fantastischen Vier,Viel,2004,Geboren
Rap,Die Fantastischen Vier,Viel,2004,Jede Generation
Rap,Die Fantastischen Vier,Viel,2004,Pipis und Popos
Rap,Die Fantastischen Vier,Viel,2004,Leben zu zweit
Rap,Die Fantastischen Vier,Viel,2004,Sommerregen
Rap,Die Fantastischen Vier,Viel,2004,Ewig
Rap,Die Fantastischen Vier,Viel,2004,Keine Lösung
Rap,Die Fantastischen Vier,Viel,2004,Hey!
Rap,Die Fantastischen Vier,Viel,2004,Mein Schwert
Rap,Die Fantastischen Vier,Viel,2004,Ruf die Polizei
Rap,Die Fantastischen Vier,Viel,2004,Troy
Rap,Die Fantastischen Vier,Fornika,2007,Mehr Nehmen
Rap,Die Fantastischen Vier,Fornika,2007,Ernten was wir säen
Rap,Die Fantastischen Vier,Fornika,2007,Einfach Sein
Rap,Die Fantastischen Vier,Fornika,2007,Yeah Yeah Yeah
Rap,Die Fantastischen Vier,Fornika,2007,Nikki war nie weg
Rap,Die Fantastischen Vier,Fornika,2007,Fornika
Rap,Die Fantastischen Vier,Fornika,2007,Du mich auch
Rap,Die Fantastischen Vier,Fornika,2007,Ichisichisichisich
Rap,Die Fantastischen Vier,Fornika,2007,Einsam und zurückgezogen
Rap,Die Fantastischen Vier,Fornika,2007,Flüchtig
Rap,Die Fantastischen Vier,Fornika,2007,Du und sie und wir
Rap,Die Fantastischen Vier,Fornika,2007,Was bleibt
Rap,Die Fantastischen Vier,Für Dich Immer Noch Fanta Sie,2010,Wie Gladiatoren
Rap,Die Fantastischen Vier,Für Dich Immer Noch Fanta Sie,2010,Dann mach doch mal
Rap,Die Fantastischen Vier,Für Dich Immer Noch Fanta Sie,2010,Gebt uns ruhig die Schuld (den Rest könnt ihr behalten)
Rap,Die Fantastischen Vier,Für Dich Immer Noch Fanta Sie,2010,Für dich immer noch Fanta Sie Teil 1
Rap,Die Fantastischen Vier,Für Dich Immer Noch Fanta Sie,2010,Junge trifft Mädchen
Rap,Die Fantastischen Vier,Für Dich Immer Noch Fanta Sie,2010,Garnichsotoll
Rap,Die Fantastischen Vier,Für Dich Immer Noch Fanta Sie,2010,Smudo in Zukunft
Rap,Die Fantastischen Vier,Für Dich Immer Noch Fanta Sie,2010,Danke
Rap,Die Fantastischen Vier,Für Dich Immer Noch Fanta Sie,2010,Die Lösung
Rap,Die Fantastischen Vier,Für Dich Immer Noch Fanta Sie,2010,Schnauze
Rap,Die Fantastischen Vier,Für Dich Immer Noch Fanta Sie,2010,Für immer zusammen
Rap,Die Fantastischen Vier,Für Dich Immer Noch Fanta Sie,2010,Für dich immer noch Fanta Sie Teil 2
Rap,Die Fantastischen Vier,Für Dich Immer Noch Fanta Sie,2010,Das letzte Mal
Rap,Die Fantastischen Vier,Für Dich Immer Noch Fanta Sie,2010,Kaputt
Rap,Die Fantastischen Vier,Für Dich Immer Noch Fanta Sie,2010,Mantra
Rap,DJ Tomekk,Return Of Hip Hop,2001,Ich Lebe Für Hip Hop
Rap,DJ Tomekk,Return Of Hip Hop,2001,Fuck You
Rap,DJ Tomekk,Return Of Hip Hop,2001,Kreislauf
Rap,DJ Tomekk,Beat Of Life Vol. 1,2002,Kimnotyze
Rap,DJ Tomekk,Beat Of Life Vol. 1,2002,Ganxtaville Pt. 2
Rap,Eko Fresh,Ich Bin Jung Und Brauche Das Geld,2003,Player 4 Life
Rap,Eko Fresh,Ich Bin Jung Und Brauche Das Geld,2003,Zeig Dich
Rap,Eko Fresh,Ich Bin Jung Und Brauche Das Geld,2003,Hass mich
Rap,Eko Fresh,Ich Bin Jung Und Brauche Das Geld,2003,Von Anfang an
Rap,Eko Fresh,Ich Bin Jung Und Brauche Das Geld,2003,V-Leidenschaft
Rap,Eko Fresh,Ich Bin Jung Und Brauche Das Geld,2003,Ich bin jung und brauche das Geld
Rap,Eko Fresh,Ich Bin Jung Und Brauche Das Geld,2003,Ich will Dich
Rap,Eko Fresh,Ich Bin Jung Und Brauche Das Geld,2003,Afterparty
Rap,Eko Fresh,Ich Bin Jung Und Brauche Das Geld,2003,Was ich brauch
Rap,Eko Fresh,Ich Bin Jung Und Brauche Das Geld,2003,Deutschrap Strikes Back
Rap,Eko Fresh,Hart(Z) IV,2006,Ruhe vor dem Sturm
Rap,Eko Fresh,Hart(Z) IV,2006,Der Don 2
Rap,Eko Fresh,Hart(Z) IV,2006,Hartz IV
Rap,Eko Fresh,Hart(Z) IV,2006,Gheddo
Rap,Eko Fresh,Hart(Z) IV,2006,Was kann ich dafür
Rap,Eko Fresh,Hart(Z) IV,2006,Ek is back
Rap,Eko Fresh,Hart(Z) IV,2006,Stenzgang
Rap,Eko Fresh,Hart(Z) IV,2006,Fackeln im Sturm
Rap,Eko Fresh,Hart(Z) IV,2006,Der Rest ist Geschichte
Rap,Eko Fresh,Hart(Z) IV,2006,Das ist mein Viertel
Rap,Eko Fresh,Ekaveli,2007,Ring frei
Rap,Eko Fresh,Ekaveli,2007,Gefallene Soldaten
Rap,Eko Fresh,Ekaveli,2007,Ihr Herz ist so Ghetto
Rap,Eko Fresh,Ekaveli,2007,Es interessiert
Rap,Eko Fresh,Ekaveli,2007,Es tut mir leid
Rap,Eko Fresh,Ekaveli,2007,Ein Tag
Rap,Eko Fresh,Ekaveli,2007,Ohne dich
Rap,Eko Fresh,Ekaveli,2007,So kann ich nicht arbeiten
Rap,Eko Fresh,EK To The Roots,2012,Euer Vater
Rap,Eko Fresh,EK To The Roots,2012,Es muss sein
Rap,Eko Fresh,EK To The Roots,2012,Rap Lexikon
Rap,Eko Fresh,EK To The Roots,2012,Wie die Zeit vergeht
Rap,Eko Fresh,EK To The Roots,2012,Der König ist zurück
Rap,Eko Fresh,EK To The Roots,2012,Diese Zwei
Rap,Eko Fresh,EK To The Roots,2012,Der Gastarbeiter
Rap,Eko Fresh,EK To The Roots,2012,Augenbrauen
Rap,Eko Fresh,EK To The Roots,2012,Mein eigener Chef
Rap,Eko Fresh,EK To The Roots,2012,Scheiß drauf
Rap,Eko Fresh,EK To The Roots,2012,Manche sind so
Rap,Eko Fresh,EK To The Roots,2012,Fatales Trio
Rap,Eko Fresh,EK To The Roots,2012,Klassentreffen
Rap,Eko Fresh,Eksodus,2013,Jetzt bin ich dran
Rap,Eko Fresh,Eksodus,2013,Der letzte Überlebende
Rap,Eko Fresh,Eksodus,2013,Drück auf Play
Rap,Eko Fresh,Eksodus,2013,101 Bars
Rap,Eko Fresh,Eksodus,2013,Der wahre Weg
Rap,Eko Fresh,Eksodus,2013,E.K.O.
Rap,Eko Fresh,Eksodus,2013,Abgabe Skit
Rap,Eko Fresh,Eksodus,2013,3 In 1
Rap,Eko Fresh,Eksodus,2013,Quotentürke
Rap,Eko Fresh,Eksodus,2013,Guten Morgen
Rap,Eko Fresh,Eksodus,2013,Yoah
Rap,Eko Fresh,Eksodus,2013,Kein Plan
Rap,Eko Fresh,Eksodus,2013,Schöner Tag
Rap,Eko Fresh,Eksodus,2013,Meine Krone
Rap,Eko Fresh,Eksodus,2013,Money on My Mind
Rap,Eko Fresh,Eksodus,2013,Ek to the Future
Rap,Eko Fresh,Eksodus,2013,Raptutorial 2
Rap,Eko Fresh,Eksodus,2013,Alte Zeit
Rap,Farid Bang,Asphalt Massaka,2008,Wer Ist Düsseldorf
Rap,Farid Bang,Asphalt Massaka,2008,Der Araber
Rap,Farid Bang,Asphalt Massaka,2008,Der Tag Der Toten
Rap,Farid Bang,Asphalt Massaka,2008,Asphalt Massaka
Rap,Farid Bang,Asphalt Massaka,2008,Ich Geh Auf 4
Rap,Farid Bang,Asphalt Massaka,2008,Der Härteste Im Land
Rap,Farid Bang,Asphalt Massaka,2008,Mein Block
Rap,Farid Bang,Asphalt Massaka,2008,Zweimal Im Leben
Rap,Farid Bang,Asphalt Massaka,2008,Jüngste Tag
Rap,Farid Bang,Asphalt Massaka,2008,An Die Wand
Rap,Farid Bang,Asphalt Massaka,2008,Bladi Musik
Rap,Farid Bang,Asphalt Massaka,2008,Gangsta Leben Kürzer
Rap,Farid Bang,Asphalt Massaka,2008,Russisch Roulette
Rap,Farid Bang,Asphalt Massaka,2008,Nutten Wollen Bang
Rap,Farid Bang,Asphalt Massaka,2008,110
Rap,Farid Bang,Asphalt Massaka 2,2010,Banger Musik
Rap,Farid Bang,Asphalt Massaka 2,2010,Immer noch ein Bastard
Rap,Farid Bang,Asphalt Massaka 2,2010,Es ist soweit
Rap,Farid Bang,Asphalt Massaka 2,2010,Vom Tellerwäscher zum Millionär
Rap,Farid Bang,Asphalt Massaka 2,2010,Goodfella
Rap,Farid Bang,Asphalt Massaka 2,2010,Stress ohne Grund
Rap,Farid Bang,Asphalt Massaka 2,2010,Gangsta Musik
Rap,Farid Bang,Asphalt Massaka 2,2010,Schwer ein Mann zu sein
Rap,Farid Bang,Asphalt Massaka 2,2010,Ich bin Düsseldorf
Rap,Farid Bang,Asphalt Massaka 2,2010,Gangbanger
Rap,Farid Bang,Asphalt Massaka 2,2010,Klick Klick Boom
Rap,Farid Bang,Asphalt Massaka 2,2010,Ey Yo!
Rap,Farid Bang,Asphalt Massaka 2,2010,Noch einmal
Rap,Farid Bang,Banger Leben Kürzer,2011,Du fils de pute
Rap,Farid Bang,Banger Leben Kürzer,2011,3 mal im Leben
Rap,Farid Bang,Banger Leben Kürzer,2011,Teufelskreis
Rap,Farid Bang,Banger Leben Kürzer,2011,Mein Mann ist ein Gangster
Rap,Farid Bang,Banger Leben Kürzer,2011,Bitte spitte 5000
Rap,Farid Bang,Banger Leben Kürzer,2011,Neureiche Wichser: NRW
Rap,Farid Bang,Banger Leben Kürzer,2011,Ein Stich genügt
Rap,Farid Bang,Banger Leben Kürzer,2011,Banger leben kürzer
Rap,Farid Bang,Banger Leben Kürzer,2011,Hol die Hände aus der Tasche
Rap,Farid Bang,Banger Leben Kürzer,2011,Spiel ohne Regeln
Rap,Farid Bang,Banger Leben Kürzer,2011,Mensch
Rap,Farid Bang,Banger Leben Kürzer,2011,Willkommen auf der Kö
Rap,Farid Bang,Banger Leben Kürzer,2011,König der Nacht
Rap,Farid Bang,Banger Leben Kürzer,2011,Dreh die Zeit zurück
Rap,Farid Bang,Der Letzte Tag Deines Lebens ,2012,Farid Bang
Rap,Farid Bang,Der Letzte Tag Deines Lebens ,2012,Vom Dealer zum Rapstar
Rap,Farid Bang,Der Letzte Tag Deines Lebens ,2012,Alemania
Rap,Farid Bang,Der Letzte Tag Deines Lebens ,2012,Meer
Rap,Farid Bang,Der Letzte Tag Deines Lebens ,2012,Pusher
Rap,Farid Bang,Der Letzte Tag Deines Lebens ,2012,Ich will Beef
Rap,Farid Bang,Der Letzte Tag Deines Lebens ,2012,Converse Musik
Rap,Farid Bang,Der Letzte Tag Deines Lebens ,2012,Samurai
Rap,Farid Bang,Der Letzte Tag Deines Lebens ,2012,Ich bin drauf
Rap,Farid Bang,Der Letzte Tag Deines Lebens ,2012,Du fehlst mir
Rap,Farid Bang,Der Letzte Tag Deines Lebens ,2012,German Dream 2012
Rap,Farid Bang,Der Letzte Tag Deines Lebens ,2012,Converse Musik
Rap,Farid Bang,Killa,2014,Farid Bumaye
Rap,Farid Bang,Killa,2014,Lutsch
Rap,Farid Bang,Killa,2014,Killa
Rap,Farid Bang,Killa,2014,Mütter in der Trennungsphase
Rap,Farid Bang,Killa,2014,Ohne Bang
Rap,Farid Bang,Killa,2014,Dein Weg
Rap,Farid Bang,Killa,2014,Banger Musiker
Rap,Farid Bang,Killa,2014,Goodfellas
Rap,Farid Bang,Killa,2014,Bitte Spitte Toi Lab
Rap,Farid Bang,Killa,2014,Disco MMA
Rap,Farid Bang,Killa,2014,Maskuliner
Rap,Farid Bang,Killa,2014,Zeitmaschine
Rap,Farid Bang,Killa,2014,Machogelaber
Rap,Farid Bang,Killa,2014,Fack Ju
Rap,Farid Bang,Killa,2014,Bitte Spitte Toi Lab
Rap,Fettes Brot,Auf Einem Auge Blöd,1995,Mitschnacker
Rap,Fettes Brot,Auf Einem Auge Blöd,1995,Optimal Geschmacksneutral
Rap,Fettes Brot,Auf Einem Auge Blöd,1995,Männer
Rap,Fettes Brot,Auf Einem Auge Blöd,1995,Dionysos
Rap,Fettes Brot,Auf Einem Auge Blöd,1995,Friedhof der Nuscheltiere
Rap,Fettes Brot,Auf Einem Auge Blöd,1995,Gangsta Rap
Rap,Fettes Brot,Auf Einem Auge Blöd,1995,Frikadelle am Ohr
Rap,Fettes Brot,Auf Einem Auge Blöd,1995,3 sind 2 zuviel
Rap,Fettes Brot,Auf Einem Auge Blöd,1995,Wer gibt dem der unten liegt die Hand
Rap,Fettes Brot,Auf Einem Auge Blöd,1995,Nordisch by Nature
Rap,Fettes Brot,"Außen Top Hits, Innen Geschmack",1996,Jein
Rap,Fettes Brot,"Außen Top Hits, Innen Geschmack",1996,Hallo Hip Hop
Rap,Fettes Brot,"Außen Top Hits, Innen Geschmack",1996,In ist
Rap,Fettes Brot,"Außen Top Hits, Innen Geschmack",1996,Mal sehen
Rap,Fettes Brot,"Außen Top Hits, Innen Geschmack",1996,Schocktherapie
Rap,Fettes Brot,"Außen Top Hits, Innen Geschmack",1996,...und ich geh nicht zum Arzt
Rap,Fettes Brot,"Außen Top Hits, Innen Geschmack",1996,Mikrokosmonaut
Rap,Fettes Brot,"Außen Top Hits, Innen Geschmack",1996,Die Einsamkeit der Klofrau
Rap,Fettes Brot,"Außen Top Hits, Innen Geschmack",1996,Silberfische in meinem Bett
Rap,Fettes Brot,"Außen Top Hits, Innen Geschmack",1996,Kleines Kind
Rap,Fettes Brot,Fettes Brot Lässt Grüssen,1998,Wo die wilden Kerle wohnen
Rap,Fettes Brot,Fettes Brot Lässt Grüssen,1998,Lieblingslied
Rap,Fettes Brot,Fettes Brot Lässt Grüssen,1998,Bundeskanzler
Rap,Fettes Brot,Fettes Brot Lässt Grüssen,1998,Geld abheben
Rap,Fettes Brot,Fettes Brot Lässt Grüssen,1998,Können diese Augen lügen
Rap,Fettes Brot,Fettes Brot Lässt Grüssen,1998,Viele Wege führen nach Rom
Rap,Fettes Brot,Fettes Brot Lässt Grüssen,1998,... und die anderen nach Pinneberg
Rap,Fettes Brot,Fettes Brot Lässt Grüssen,1998,Krankenhausreif
Rap,Fettes Brot,Fettes Brot Lässt Grüssen,1998,Traffic Jam
Rap,Fettes Brot,Fettes Brot Lässt Grüssen,1998,Nicolette Krebitz wartet
Rap,Fettes Brot,Fettes Brot Lässt Grüssen,1998,Wie heißt Du!
Rap,Fettes Brot,Fettes Brot Für Die Welt,2000,Da draussen
Rap,Fettes Brot,Fettes Brot Für Die Welt,2000,Gangsta Rap
Rap,Fettes Brot,Fettes Brot Für Die Welt,2000,Bela ruft an
Rap,Fettes Brot,Fettes Brot Für Die Welt,2000,Was hat der Junge doch für Nerven
Rap,Fettes Brot,Fettes Brot Für Die Welt,2000,Silberfische
Rap,Fettes Brot,Fettes Brot Für Die Welt,2000,Kleiner Nager
Rap,Fettes Brot,Fettes Brot Für Die Welt,2000,Frikadelle am Ohr
Rap,Fettes Brot,Fettes Brot Für Die Welt,2000,Drogen
Rap,Fettes Brot,Fettes Brot Für Die Welt,2000,Dusch Dich mal
Rap,Fettes Brot,Fettes Brot Für Die Welt,2000,Schade Schokolade
Rap,Fettes Brot,Fettes Brot Für Die Welt,2000,Das Lied vom Ende
Rap,Fettes Brot,Fettes Brot Für Die Welt,2000,Die da hat mir gut gefallen
Rap,Fettes Brot,Fettes Brot Für Die Welt,2000,Smudos Traffic Beatbox Jam
Rap,Fettes Brot,DemoTape,2001,Lichterloh
Rap,Fettes Brot,DemoTape,2001,Motherfucker
Rap,Fettes Brot,DemoTape,2001,Schwule Mädchen
Rap,Fettes Brot,DemoTape,2001,The Grosser
Rap,Fettes Brot,DemoTape,2001,O La La
Rap,Fettes Brot,DemoTape,2001,Ich hasse das
Rap,Fettes Brot,DemoTape,2001,Fast 30
Rap,Fettes Brot,DemoTape,2001,Hier drinne
Rap,Fettes Brot,DemoTape,2001,So richtig glücklich
Rap,Fettes Brot,DemoTape,2001,Bring mich nach Haus
Rap,Fettes Brot,Am Wasser Gebaut,2005,Wie immer
Rap,Fettes Brot,Am Wasser Gebaut,2005,Emanuela
Rap,Fettes Brot,Am Wasser Gebaut,2005,Die meisten meiner Feinde
Rap,Fettes Brot,Am Wasser Gebaut,2005,Yasmin
Rap,Fettes Brot,Am Wasser Gebaut,2005,Lauterbach
Rap,Fettes Brot,Am Wasser Gebaut,2005,Kuba
Rap,Fettes Brot,Am Wasser Gebaut,2005,An Tagen wie diesen
Rap,Fettes Brot,Am Wasser Gebaut,2005,Glaub dran
Rap,Fettes Brot,Am Wasser Gebaut,2005,Falsche Entscheidung
Rap,Fettes Brot,Strom Und Drang,2008,Lieber verbrennen als erfrieren
Rap,Fettes Brot,Strom Und Drang,2008,Das traurigste Mädchen der Stadt
Rap,Fettes Brot,Strom Und Drang,2008,Erdbeben
Rap,Fettes Brot,Strom Und Drang,2008,Der beste Rapper Deutschlands ist offensichtlich ich
Rap,Fettes Brot,Strom Und Drang,2008,Ich lass dich nicht los
Rap,Fettes Brot,Strom Und Drang,2008,Das allererste Mal
Rap,Fettes Brot,Strom Und Drang,2008,Schieb es auf die Brote
Rap,Fettes Brot,Strom Und Drang,2008,Automatikpistole
Rap,Fettes Brot,Strom Und Drang,2008,1€ Blues
Rap,Fettes Brot,Strom Und Drang,2008,Hörst du mich
Rap,Fettes Brot,Fettes,2010,Jein 2010
Rap,Fettes Brot,Fettes,2010,Schieb Es Auf Die Brote
Rap,Fettes Brot,Fettes,2010,Was In Der Zeitung Steht
Rap,Fettes Brot,Fettes,2010,Ich Bin Müde
Rap,Fettes Brot,Fettes,2010,Erdbeben
Rap,Fettes Brot,Fettes,2010,Hamburg Calling
Rap,Fettes Brot,Fettes,2010,Amsterdam
Rap,Fettes Brot,Fettes,2010,Da Draussen
Rap,Fettes Brot,Fettes,2010,Ich Lass Dich Nicht Los
Rap,Fettes Brot,Fettes,2010,An Tagen Wie Diesen
Rap,Fettes Brot,Fettes,2010,Automatikpistole
Rap,Fettes Brot,Fettes,2010,Falsche Entscheidung
Rap,Fettes Brot,Fettes,2010,Lieber Verbrennen Als Erfrieren
Rap,Fettes Brot,Fettes,2010,Schwule Mädchen
Rap,Fettes Brot,Teenager Vom Mars,2015,Teenager vom Mars
Rap,Fettes Brot,Teenager Vom Mars,2015,Von der Liebe
Rap,Fettes Brot,Teenager Vom Mars,2015,Gegenmodell
Rap,Fettes Brot,Teenager Vom Mars,2015,Du bist the shit
Rap,Fettes Brot,Teenager Vom Mars,2015,Eure Autos
Rap,Fettes Brot,Teenager Vom Mars,2015,Meine Stimme
Rap,Fettes Brot,Teenager Vom Mars,2015,Emmely
Rap,Fettes Brot,Teenager Vom Mars,2015,Das letzte Lied auf der Welt
Rap,Fler,Neue Deutsche Welle,2005,A-G-G-R-O
Rap,Fler,Neue Deutsche Welle,2005,Jackpot
Rap,Fler,Neue Deutsche Welle,2005,NDW 2005
Rap,Fler,Neue Deutsche Welle,2005,20:15
Rap,Fler,Neue Deutsche Welle,2005,Playboy
Rap,Fler,Neue Deutsche Welle,2005,Bitte Bitte
Rap,Fler,Neue Deutsche Welle,2005,Eine Bombe du liegst
Rap,Fler,Neue Deutsche Welle,2005,Bäng Bäng
Rap,Fler,Neue Deutsche Welle,2005,Willkommen in Berlin
Rap,Fler,Neue Deutsche Welle,2005,Abtörn görl
Rap,Fler,Neue Deutsche Welle,2005,Alles wird gut
Rap,Fler,Trendsetter,2006,Papa ist zurück
Rap,Fler,Trendsetter,2006,Der Guteste
Rap,Fler,Trendsetter,2006,Ich bleib wie ich bin
Rap,Fler,Trendsetter,2006,Die Schule brennt
Rap,Fler,Trendsetter,2006,Ich scheine
Rap,Fler,Trendsetter,2006,Vatermorgana
Rap,Fler,Trendsetter,2006,Am Abzug
Rap,Fler,Trendsetter,2006,Breakdance
Rap,Fler,Trendsetter,2006,Nick bis dein Genick bricht
Rap,Fler,Trendsetter,2006,Meine Homies
Rap,Fler,Trendsetter,2006,Backstage Pass
Rap,Fler,Trendsetter,2006,Zeit ist Geld
Rap,Fler,Trendsetter,2006,Reich so reich
Rap,Fler,Trendsetter,2006,Böser Engel
Rap,Fler,Trendsetter,2006,Verrückt wie krass
Rap,Fler,Fremd Im Eigenen Land,2008,Berlin
Rap,Fler,Fremd Im Eigenen Land,2008,Deutscha Bad Boy
Rap,Fler,Fremd Im Eigenen Land,2008,Mein Jahr
Rap,Fler,Fremd Im Eigenen Land,2008,Fler vs. Frank White
Rap,Fler,Fremd Im Eigenen Land,2008,Alles was ich brauch
Rap,Fler,Fremd Im Eigenen Land,2008,Chefsache
Rap,Fler,Fremd Im Eigenen Land,2008,Pass auf
Rap,Fler,Fremd Im Eigenen Land,2008,Ich bin Deutscha
Rap,Fler,Fremd Im Eigenen Land,2008,Wie wir sind
Rap,Fler,Fremd Im Eigenen Land,2008,Mein Mädchen
Rap,Fler,Fremd Im Eigenen Land,2008,Nacht und Nebel Aktion
Rap,Fler,Fremd Im Eigenen Land,2008,Roll auf Chrome
Rap,Fler,Fremd Im Eigenen Land,2008,Clubbanger
Rap,Fler,Fremd Im Eigenen Land,2008,Ich kann Dich sehen
Rap,Fler,Fler,2009,Check mich aus
Rap,Fler,Fler,2009,Meine Straße
Rap,Fler,Fler,2009,Ewigkeit
Rap,Fler,Fler,2009,Ich sing nicht mehr für dich
Rap,Fler,Fler,2009,Mein Haus
Rap,Fler,Fler,2009,Schulsong
Rap,Fler,Fler,2009,Rap Electroschock
Rap,Fler,Fler,2009,Ich werde nie vergessen
Rap,Fler,Flersguterjunge,2010,Neues Ich
Rap,Fler,Flersguterjunge,2010,Alle gefickt
Rap,Fler,Flersguterjunge,2010,Blaulicht bei Nacht
Rap,Fler,Flersguterjunge,2010,Flersguterjunge
Rap,Fler,Flersguterjunge,2010,Das alles ist Deutschland
Rap,Fler,Flersguterjunge,2010,Alles ist vergänglich
Rap,Fler,Flersguterjunge,2010,Schwer erziehbar 2010
Rap,Fler,Flersguterjunge,2010,Halt mich fest
Rap,Fler,Flersguterjunge,2010,Kopfgefickt
Rap,Fler,Flersguterjunge,2010,Russisch Roulette
Rap,Fler,Flersguterjunge,2010,Gewaltbereit
Rap,Fler,Im Bus Ganz Hinten,2011,Du Bist Out
Rap,Fler,Im Bus Ganz Hinten,2011,Mein Lifestyle
Rap,Fler,Im Bus Ganz Hinten,2011,Dirty White Boy
Rap,Fler,Im Bus Ganz Hinten,2011,Spiegelbild
Rap,Fler,Im Bus Ganz Hinten,2011,Kein Kommentar
Rap,Fler,Im Bus Ganz Hinten,2011,Immer Noch Kein Fan Davon
Rap,Fler,Im Bus Ganz Hinten,2011,Zeichen
Rap,Fler,Im Bus Ganz Hinten,2011,Um Uns Rum
Rap,Fler,Im Bus Ganz Hinten,2011,Teer In Meiner Lunge
Rap,Fler,Im Bus Ganz Hinten,2011,Wir Machen Einen Drauf
Rap,Fler,Im Bus Ganz Hinten,2011,Wenn Ich Kein Rapper Wär
Rap,Fler,Im Bus Ganz Hinten,2011,Freunde Werden Feinde
Rap,Fler,Im Bus Ganz Hinten,2011,Im Bus Ganz Hinten
Rap,Fler,Im Bus Ganz Hinten,2011,Vollmond
Rap,Fler,Hinter Blauen Augen,2012,Slumdogmillionär
Rap,Fler,Hinter Blauen Augen,2012,Höhenflug
Rap,Fler,Hinter Blauen Augen,2012,Nummer 1
Rap,Fler,Hinter Blauen Augen,2012,Schönheit Ist Vergänglich
Rap,Fler,Hinter Blauen Augen,2012,Nightlife
Rap,Fler,Hinter Blauen Augen,2012,La Vida Loca
Rap,Fler,Hinter Blauen Augen,2012,Nimm Mich Wie Ich Bin
Rap,Fler,Hinter Blauen Augen,2012,Atme Ein Atme Aus
Rap,Fler,Hinter Blauen Augen,2012,Psychopath
Rap,Fler,Hinter Blauen Augen,2012,Lui V Alles
Rap,Fler,Hinter Blauen Augen,2012,Lady Killa
Rap,Fler,Hinter Blauen Augen,2012,Du Bist Es Wert
Rap,Fünf Sterne Deluxe,Sillium,1998,Dein Herz schlägt schneller
Rap,Fünf Sterne Deluxe,Sillium,1998,Dördichkeit
Rap,Fünf Sterne Deluxe,Sillium,1998,Abgezuckert
Rap,Fünf Sterne Deluxe,Sillium,1998,5 Sterne deluxe
Rap,Fünf Sterne Deluxe,Sillium,1998,Sowieso
Rap,Fünf Sterne Deluxe,Sillium,1998,My Life
Rap,Fünf Sterne Deluxe,Sillium,1998,Deluxe im Kopf
Rap,Fünf Sterne Deluxe,Sillium,1998,Schund
Rap,Fünf Sterne Deluxe,Sillium,1998,Der Eierdieb
Rap,Fünf Sterne Deluxe,Sillium,1998,Sillium
Rap,Fünf Sterne Deluxe,Sillium,1998,Penthouse
Rap,Genetikk,Foetus,2010,Foetus
Rap,Genetikk,Foetus,2010,Clown
Rap,Genetikk,Foetus,2010,Kopfschuss
Rap,Genetikk,Foetus,2010,Pssst
Rap,Genetikk,Foetus,2010,Seit Ich Denken Kann
Rap,Genetikk,Foetus,2010,Genau Mein Kaliber
Rap,Genetikk,Foetus,2010,Schlangen
Rap,Genetikk,Foetus,2010,Germanys Next Topgangster
Rap,Genetikk,Foetus,2010,Buenos Dias
Rap,Genetikk,Foetus,2010,Basta Und Punkt
Rap,Genetikk,Foetus,2010,Vaffanculo
Rap,Genetikk,Foetus,2010,Solang Ich Träume Hab
Rap,Genetikk,Foetus,2010,Warum Nicht
Rap,Genetikk,Voodoozirkus,2012,Supa Dope Brothers
Rap,Genetikk,Voodoozirkus,2012,Erst Der Anfang
Rap,Genetikk,Voodoozirkus,2012,Lebenslang
Rap,Genetikk,Voodoozirkus,2012,Konichiwa Bitches
Rap,Genetikk,Voodoozirkus,2012,König Der Lügner
Rap,Genetikk,Voodoozirkus,2012,G.E.N.E.T.I.K.K.
Rap,Genetikk,Voodoozirkus,2012,Puls
Rap,Genetikk,Voodoozirkus,2012,Tiefschlaf
Rap,Genetikk,Voodoozirkus,2012,Yam Yam
Rap,Genetikk,Voodoozirkus,2012,Sorry
Rap,Genetikk,Voodoozirkus,2012,Inkubation
Rap,Genetikk,D.N.A.,2013,Spezies
Rap,Genetikk,D.N.A.,2013,Yes Sir
Rap,Genetikk,D.N.A.,2013,Packets In Den Boots
Rap,Genetikk,D.N.A.,2013,D.N.A.
Rap,Genetikk,D.N.A.,2013,Triumph
Rap,Genetikk,D.N.A.,2013,Champions
Rap,Genetikk,D.N.A.,2013,A La Muerte
Rap,Genetikk,D.N.A.,2013,Gift
Rap,Genetikk,D.N.A.,2013,Plastik
Rap,Genetikk,D.N.A.,2013,Represent
Rap,Genetikk,D.N.A.,2013,Liebs Oder Lass Es
Rap,Genetikk,D.N.A.,2013,Alles Möglich
Rap,Genetikk,D.N.A.,2013,Du Bist Weg
Rap,Genetikk,D.N.A.,2013,Strawberry Fields
Rap,Genetikk,D.N.A.,2013,Über Alles
Rap,Genetikk,D.N.A.,2013,Kappa Alpha Rho
Rap,Genetikk,Fukk Genetikk,2016,Peng Peng
Rap,Genetikk,Fukk Genetikk,2016,Jordan Belfort
Rap,Genetikk,Fukk Genetikk,2016,Cash oder Liebe
Rap,Genetikk,Fukk Genetikk,2016,TeenSpirit
Rap,Genetikk,Fukk Genetikk,2016,Fukk Genetikk
Rap,Genetikk,Fukk Genetikk,2016,Mata Cobra
Rap,Genetikk,Fukk Genetikk,2016,Tote Präsidenten
Rap,Genetikk,Fukk Genetikk,2016,Trill
Rap,Genetikk,Fukk Genetikk,2016,Goyard
Rap,Genetikk,Fukk Genetikk,2016,Spicy Tuna
Rap,Genetikk,Fukk Genetikk,2016,Diamant
Rap,Genetikk,Fukk Genetikk,2016,Zombies
Rap,Genetikk,Fukk Genetikk,2016,Saint Laurent
Rap,Genetikk,Fukk Genetikk,2016,Luzifer
Rap,Genetikk,D.N.A.2,2018,Genetikk4ever
Rap,Genetikk,D.N.A.2,2018,F.D.S
Rap,Genetikk,D.N.A.2,2018,Masi Masi
Rap,Genetikk,D.N.A.2,2018,Wenn die Vögel singen
Rap,Genetikk,D.N.A.2,2018,Topf voll Gold
Rap,Genetikk,D.N.A.2,2018,Träume
Rap,Genetikk,D.N.A.2,2018,Homegrown
Rap,Genetikk,D.N.A.2,2018,5ive Hoes
Rap,Genetikk,D.N.A.2,2018,Linie 666
Rap,Genetikk,D.N.A.2,2018,Mailbox
Rap,Jan Delay,Searching For The Jan Soul Rebels,2001,Sam Ragga Styler
Rap,Jan Delay,Searching For The Jan Soul Rebels,2001,An die Bürger von Konsolien
Rap,Jan Delay,Searching For The Jan Soul Rebels,2001,Vergiftet
Rap,Jan Delay,Searching For The Jan Soul Rebels,2001,B-Seite
Rap,Jan Delay,Searching For The Jan Soul Rebels,2001,Söhne Stammheims
Rap,Jan Delay,Searching For The Jan Soul Rebels,2001,Der rote Knopf
Rap,Jan Delay,Searching For The Jan Soul Rebels,2001,Flashgott
Rap,Jan Delay,Searching For The Jan Soul Rebels,2001,Die Party ist zu Ende
Rap,Jan Delay,Mercedes-Dance,2006,Klar
Rap,Jan Delay,Mercedes-Dance,2006,Kartoffeln
Rap,Jan Delay,Mercedes-Dance,2006,Kirchturmkandidaten
Rap,Jan Delay,Mercedes-Dance,2006,Für immer und Dich
Rap,Jan Delay,Mercedes-Dance,2006,Feuer
Rap,Jan Delay,Mercedes-Dance,2006,Plastik
Rap,Jan Delay,Mercedes-Dance,2006,Raveheart
Rap,Jan Delay,Mercedes-Dance,2006,Im Arsch
Rap,Jan Delay,Wir Kinder Vom Bahnhof Soul ,2009,Showgeschäft
Rap,Jan Delay,Wir Kinder Vom Bahnhof Soul ,2009,Oh Jonny
Rap,Jan Delay,Wir Kinder Vom Bahnhof Soul ,2009,Ein Leben lang
Rap,Jan Delay,Wir Kinder Vom Bahnhof Soul ,2009,Überdosis Fremdscham
Rap,Jan Delay,Wir Kinder Vom Bahnhof Soul ,2009,Abschussball
Rap,Jan Delay,Wir Kinder Vom Bahnhof Soul ,2009,Hoffnung
Rap,Jan Delay,Wir Kinder Vom Bahnhof Soul ,2009,Large
Rap,Jan Delay,Wir Kinder Vom Bahnhof Soul ,2009,Kommando Bauchladen
Rap,Jan Delay,Wir Kinder Vom Bahnhof Soul ,2009,Little Miss Anstrengend
Rap,Jan Delay,Wir Kinder Vom Bahnhof Soul ,2009,Rave Against The Machine
Rap,Jan Delay,Wir Kinder Vom Bahnhof Soul ,2009,Disko
Rap,K.I.Z.,Das RapDeutschlandKettensägenMassaker ,2005,Das RapDeutschlandKettensägenMassaker
Rap,K.I.Z.,Das RapDeutschlandKettensägenMassaker ,2005,Hurensohn
Rap,K.I.Z.,Das RapDeutschlandKettensägenMassaker ,2005,Der Flavour
Rap,K.I.Z.,Das RapDeutschlandKettensägenMassaker ,2005,In der Nacht
Rap,K.I.Z.,Das RapDeutschlandKettensägenMassaker ,2005,Alles Schlampen ausser Mutti
Rap,K.I.Z.,Das RapDeutschlandKettensägenMassaker ,2005,tanz
Rap,K.I.Z.,Das RapDeutschlandKettensägenMassaker ,2005,Kurth
Rap,K.I.Z.,Das RapDeutschlandKettensägenMassaker ,2005,Autofokus
Rap,K.I.Z.,Das RapDeutschlandKettensägenMassaker ,2005,Karate
Rap,K.I.Z.,Das RapDeutschlandKettensägenMassaker ,2005,Nagellackentfernerfotze
Rap,K.I.Z.,Das RapDeutschlandKettensägenMassaker ,2005,Halbzeit
Rap,K.I.Z.,Das RapDeutschlandKettensägenMassaker ,2005,Scheinehaxxxn
Rap,K.I.Z.,Das RapDeutschlandKettensägenMassaker ,2005,Pferderücken
Rap,K.I.Z.,Das RapDeutschlandKettensägenMassaker ,2005,Das Game
Rap,K.I.Z.,Das RapDeutschlandKettensägenMassaker ,2005,Schlaffmittel
Rap,K.I.Z.,Das RapDeutschlandKettensägenMassaker ,2005,Tekknohurensohn
Rap,K.I.Z.,Das RapDeutschlandKettensägenMassaker ,2005,Raus aus der Stadt
Rap,K.I.Z.,Böhse Enkelz,2006,Freiwild
Rap,K.I.Z.,Böhse Enkelz,2006,Wir Werden Jetzt Stars
Rap,K.I.Z.,Böhse Enkelz,2006,Bong Verkippt
Rap,K.I.Z.,Böhse Enkelz,2006,This Way
Rap,K.I.Z.,Böhse Enkelz,2006,Was Willst Du Machen
Rap,K.I.Z.,Böhse Enkelz,2006,Riesenglied
Rap,K.I.Z.,Böhse Enkelz,2006,17 Jahr Blondes Haar
Rap,K.I.Z.,Böhse Enkelz,2006,Mach Sie Sagen
Rap,K.I.Z.,Böhse Enkelz,2006,Wie Ein Truthahn
Rap,K.I.Z.,Hahnenkampf,2007,Klassenfahrt
Rap,K.I.Z.,Hahnenkampf,2007,Spasst
Rap,K.I.Z.,Hahnenkampf,2007,Böhses Mädchen
Rap,K.I.Z.,Hahnenkampf,2007,Hahnenkampf
Rap,K.I.Z.,Hahnenkampf,2007,11. Plage
Rap,K.I.Z.,Hahnenkampf,2007,Wenn es brennt
Rap,K.I.Z.,Hahnenkampf,2007,Pauch It
Rap,K.I.Z.,Hahnenkampf,2007,Der Schöne und das Biest
Rap,K.I.Z.,Hahnenkampf,2007,Walpurgisnacht
Rap,K.I.Z.,Hahnenkampf,2007,Ellenbogengesellschaft
Rap,K.I.Z.,Hahnenkampf,2007,Herbstzeitblätter
Rap,K.I.Z.,Hahnenkampf,2007,Seekuh
Rap,K.I.Z.,Hahnenkampf,2007,Der Durch Die Tür Geher
Rap,K.I.Z.,Sexismus Gegen Rechts,2009,Rohmilchkäse
Rap,K.I.Z.,Sexismus Gegen Rechts,2009,Lass die Sau raus
Rap,K.I.Z.,Sexismus Gegen Rechts,2009,Halbstark
Rap,K.I.Z.,Sexismus Gegen Rechts,2009,Rauher Wind
Rap,K.I.Z.,Sexismus Gegen Rechts,2009,Einritt
Rap,K.I.Z.,Sexismus Gegen Rechts,2009,Ohrfeige
Rap,K.I.Z.,Sexismus Gegen Rechts,2009,Straight outta Kärnten
Rap,K.I.Z.,Sexismus Gegen Rechts,2009,Selbstjustiz
Rap,K.I.Z.,Sexismus Gegen Rechts,2009,Scheiterhaufen
Rap,K.I.Z.,Sexismus Gegen Rechts,2009,Preisschild
Rap,K.I.Z.,Sexismus Gegen Rechts,2009,Auch Nutten wollen Pendlerpauschale
Rap,K.I.Z.,Sexismus Gegen Rechts,2009,Ringelpiez mit Anscheißen
Rap,K.I.Z.,Sexismus Gegen Rechts,2009,Das System
Rap,K.I.Z.,Sexismus Gegen Rechts,2009,So Alt
Rap,K.I.Z.,Sexismus Gegen Rechts,2009,Töten
Rap,K.I.Z.,Urlaub Fürs Gehirn,2011,Küss mir den Schwanz
Rap,K.I.Z.,Urlaub Fürs Gehirn,2011,Urlaub fürs Gehirn
Rap,K.I.Z.,Urlaub Fürs Gehirn,2011,Doitschland schafft sich ab
Rap,K.I.Z.,Urlaub Fürs Gehirn,2011,Heiraten
Rap,K.I.Z.,Urlaub Fürs Gehirn,2011,Raus aus dem Amt
Rap,K.I.Z.,Urlaub Fürs Gehirn,2011,Abteilungsleiter der Liebe
Rap,K.I.Z.,Urlaub Fürs Gehirn,2011,Fleisch
Rap,K.I.Z.,Urlaub Fürs Gehirn,2011,In Seiner Mutter
Rap,K.I.Z.,Urlaub Fürs Gehirn,2011,Fremdgehen
Rap,K.I.Z.,Urlaub Fürs Gehirn,2011,Lauf weg
Rap,K.I.Z.,Urlaub Fürs Gehirn,2011,Mr. Sonderbar
Rap,K.I.Z.,Urlaub Fürs Gehirn,2011,Der durch die Scheibe Boxxxer
Rap,K.I.Z.,Urlaub Fürs Gehirn,2011,Lach mich tot
Rap,K.I.Z.,Urlaub Fürs Gehirn,2011,Koksen Ist Scheisse
Rap,K.I.Z.,Hurra Die Welt Geht Unter,2015,Wir
Rap,K.I.Z.,Hurra Die Welt Geht Unter,2015,Glücklich und satt
Rap,K.I.Z.,Hurra Die Welt Geht Unter,2015,Boom Boom Boom
Rap,K.I.Z.,Hurra Die Welt Geht Unter,2015,AMG Mercedes
Rap,K.I.Z.,Hurra Die Welt Geht Unter,2015,Freier Fall
Rap,K.I.Z.,Hurra Die Welt Geht Unter,2015,Ariane
Rap,K.I.Z.,Hurra Die Welt Geht Unter,2015,Käfigbett
Rap,K.I.Z.,Hurra Die Welt Geht Unter,2015,Verrückt nach dir
Rap,K.I.Z.,Hurra Die Welt Geht Unter,2015,Ehrenlos
Rap,K.I.Z.,Hurra Die Welt Geht Unter,2015,Superstars
Rap,K.I.Z.,Hurra Die Welt Geht Unter,2015,Was würde Manny Marc tun
Rap,K.I.Z.,Hurra Die Welt Geht Unter,2015,Hurra die Welt geht unter
Rap,Kay One,Kenneth Allein Zu Haus,2010,Kenneth Allein Zu Haus
Rap,Kay One,Kenneth Allein Zu Haus,2010,Sexy Teens
Rap,Kay One,Kenneth Allein Zu Haus,2010,Irgendwann
Rap,Kay One,Kenneth Allein Zu Haus,2010,Verzeih Mir
Rap,Kay One,Kenneth Allein Zu Haus,2010,So Allein
Rap,Kay One,Kenneth Allein Zu Haus,2010,Bis Die Polizei Kommt
Rap,Kay One,Kenneth Allein Zu Haus,2010,Tierheim
Rap,Kay One,Kenneth Allein Zu Haus,2010,Ich Brech Die Herzen
Rap,Kay One,Kenneth Allein Zu Haus,2010,Rockstar
Rap,Kay One,Kenneth Allein Zu Haus,2010,Bitte Vergiss Mich Nicht
Rap,Kay One,Kenneth Allein Zu Haus,2010,Du Fehlst Mir
Rap,Kay One,Kenneth Allein Zu Haus,2010,Deine Zeit Kommt
Rap,Kay One,Kenneth Allein Zu Haus,2010,Ein Guter Tag
Rap,Kay One,Kenneth Allein Zu Haus,2010,Bushido
Rap,Kay One,Kenneth Allein Zu Haus,2010,Noch Zu Lernen
Rap,Kay One,Kenneth Allein Zu Haus,2010,Nichts Ist Für Immer
Rap,Kay One,Kenneth Allein Zu Haus,2010,Nie Vorbei
Rap,Kay One,Prince Of Belvedair,2012,Prince Of Belvedair
Rap,Kay One,Prince Of Belvedair,2012,Besser Im Bett
Rap,Kay One,Prince Of Belvedair,2012,Rain On You
Rap,Kay One,Prince Of Belvedair,2012,Herz Aus Stein
Rap,Kay One,Prince Of Belvedair,2012,Sportsfreund
Rap,Kay One,Prince Of Belvedair,2012,Zeiten Ändern Sich
Rap,Kay One,Prince Of Belvedair,2012,P1
Rap,Kay One,Prince Of Belvedair,2012,An Tagen Wie Diesen
Rap,Kay One,Prince Of Belvedair,2012,Lagerfeld Flow
Rap,Kay One,Prince Of Belvedair,2012,Reich Und Schön
Rap,Kay One,Prince Of Belvedair,2012,Waschraum
Rap,Kay One,Prince Of Belvedair,2012,Renate
Rap,Kay One,Prince Of Belvedair,2012,Das Spiel
Rap,Kay One,Prince Of Belvedair,2012,Boss
Rap,Kay One,Prince Of Belvedair,2012,Unter Palmen
Rap,Kay One,Prince Of Belvedair,2012,Ich Liebe Euch
Rap,Kay One,Prince Of Belvedair,2012,Auf Mich!
Rap,Kay One,Rich Kidz,2013,Pushen
Rap,Kay One,Rich Kidz,2013,Mittelfinger
Rap,Kay One,Rich Kidz,2013,Ich Hass Es Dich Zu Lieben
Rap,Kay One,Rich Kidz,2013,Rich Kidz
Rap,Kay One,Rich Kidz,2013,ONS
Rap,Kay One,Rich Kidz,2013,Wiedersehen
Rap,Kay One,Rich Kidz,2013,Helal Money
Rap,Kay One,Rich Kidz,2013,Prince Kay One
Rap,Kay One,Rich Kidz,2013,Hollister Girl
Rap,Kay One,Rich Kidz,2013,Karma
Rap,Kay One,Rich Kidz,2013,Früher
Rap,Kay One,Rich Kidz,2013,My First Love
Rap,Kollegah,Bossaura,2011,Drugs In Den Jeans
Rap,Kollegah,Bossaura,2011,Spotlight
Rap,Kollegah,Bossaura,2011,Jetlag
Rap,Kollegah,Bossaura,2011,Business Paris
Rap,Kollegah,Bossaura,2011,Mondfinsternis
Rap,Kollegah,Bossaura,2011,Bad Girl
Rap,Kollegah,Bossaura,2011,Kobrakopf
Rap,Kollegah,Bossaura,2011,I.H.D.P.
Rap,Kollegah,Bossaura,2011,Bossaura
Rap,Kollegah,Bossaura,2011,Kokayne
Rap,Kollegah,Bossaura,2011,Du
Rap,Kollegah,Bossaura,2011,Undercover
Rap,Kollegah,Bossaura,2011,Money
Rap,Kollegah,Imperator,2016,Kaiseraura
Rap,Kollegah,Imperator,2016,Hardcore
Rap,Kollegah,Imperator,2016,Aventador
Rap,Kollegah,Imperator,2016,American Express
Rap,Kollegah,Imperator,2016,Nero
Rap,Kollegah,Imperator,2016,Cold Blooded
Rap,Kollegah,Imperator,2016,24 Karat
Rap,Kollegah,Imperator,2016,Rap Money
Rap,Kollegah,Imperator,2016,Assassine
Rap,Kollegah,Imperator,2016,Zeit
Rap,Kollegah,Imperator,2016,Pharao
Rap,Kollegah,Imperator,2016,Pythonleder
Rap,Kollegah,Imperator,2016,Rapkoryphäe
Rap,Kollegah,Imperator,2016,Schwarze Rosen
Rap,Kollegah,Imperator,2016,James Bond
Rap,Kollegah,Imperator,2016,Fokus
Rap,Kollegah,Imperator,2016,Einer von Millionen
Rap,Kollegah,Imperator,2016,Siegerlächeln
Rap,Kollegah,Monument,2018,Royal
Rap,Kollegah,Monument,2018,Das erste Mal
Rap,Kollegah,Monument,2018,Bossmove
Rap,Kollegah,Monument,2018,Gospel
Rap,Kollegah,Monument,2018,Psycho
Rap,Kollegah,Monument,2018,Löwe
Rap,Kollegah,Monument,2018,La Vida Koka
Rap,Kollegah,Monument,2018,Makiaveli
Rap,Kollegah,Monument,2018,Realtalk
Rap,Kollegah,Monument,2018,Continental
Rap,Kollegah,Monument,2018,Donlife
Rap,Kollegah,Monument,2018,Cohiba Symphony
Rap,Kollegah,Monument,2018,Da
Rap,Kool Savas,Der Beste Tag Meines Lebens,2002,Alle in einem
Rap,Kool Savas,Der Beste Tag Meines Lebens,2002,Optik Anthem
Rap,Kool Savas,Der Beste Tag Meines Lebens,2002,Gib auf
Rap,Kool Savas,Der Beste Tag Meines Lebens,2002,Transatlantic
Rap,Kool Savas,Der Beste Tag Meines Lebens,2002,Keep it Gangsta
Rap,Kool Savas,Der Beste Tag Meines Lebens,2002,Wie S
Rap,Kool Savas,Der Beste Tag Meines Lebens,2002,Der Beste Tag Meines Lebens
Rap,Kool Savas,Optik Takeover,2006,O.P.T.I.K.
Rap,Kool Savas,Optik Takeover,2006,Komm mit mir
Rap,Kool Savas,Optik Takeover,2006,Merkt euch
Rap,Kool Savas,Optik Takeover,2006,Bye Bye
Rap,Kool Savas,Optik Takeover,2006,Ich fick dich nicht
Rap,Kool Savas,Optik Takeover,2006,Homo Thugs
Rap,Kool Savas,Optik Takeover,2006,Come Clean 2006
Rap,Kool Savas,Optik Takeover,2006,Geldwelt
Rap,Kool Savas,Tot Oder Lebendig,2007,Orakel
Rap,Kool Savas,Tot Oder Lebendig,2007,Der Beweis
Rap,Kool Savas,Tot Oder Lebendig,2007,On Top
Rap,Kool Savas,Tot Oder Lebendig,2007,Essah
Rap,Kool Savas,Tot Oder Lebendig,2007,Mona Lisa
Rap,Kool Savas,Tot Oder Lebendig,2007,Alle schieben Optik
Rap,Kool Savas,Tot Oder Lebendig,2007,Nur ein Spiel
Rap,Kool Savas,Tot Oder Lebendig,2007,Tot oder Lebendig
Rap,Kool Savas,Tot Oder Lebendig,2007,Krank
Rap,Kool Savas,Tot Oder Lebendig,2007,Melodie
Rap,Kool Savas,Aura,2011,Und dann kam Essah
Rap,Kool Savas,Aura,2011,Aura
Rap,Kool Savas,Aura,2011,Nie mehr gehn
Rap,Kool Savas,Aura,2011,Nichts bleibt mehr
Rap,Kool Savas,Aura,2011,Optimale Nutzung unserer Ressourcen
Rap,Kool Savas,Aura,2011,Die Stimme
Rap,Kool Savas,Aura,2011,Stampf
Rap,Kool Savas,Aura,2011,Echo
Rap,Kool Savas,Märtyrer,2014,Märtyrer
Rap,Kool Savas,Märtyrer,2014,Zweifel Und Bestätigung
Rap,Kool Savas,Märtyrer,2014,Limit
Rap,Kool Savas,Märtyrer,2014,Matrix
Rap,Kool Savas,Märtyrer,2014,Es rappelt im Karton
Rap,Kool Savas,Märtyrer,2014,Summa Summarum
Rap,Kool Savas,Märtyrer,2014,Neue Namen
Rap,Kool Savas,Märtyrer,2014,Anekdote Aus Istanbul
Rap,Kool Savas,Märtyrer,2014,Lang genug gewartet
Rap,Kool Savas,Märtyrer,2014,Waldbrand
Rap,Marsimoto,Grüner Samt,2012,Grüner Samt
Rap,Marsimoto,Grüner Samt,2012,Wellness
Rap,Marsimoto,Grüner Samt,2012,Der Springende Punkt
Rap,Marsimoto,Grüner Samt,2012,Indianer
Rap,Marsimoto,Grüner Samt,2012,Grünes Haus
Rap,Marsimoto,Grüner Samt,2012,Marsi der Zigeuner
Rap,Marsimoto,Grüner Samt,2012,Mein Kumpel Spalding
Rap,Marsimoto,Grüner Samt,2012,Alice im WLAN Land
Rap,Marsimoto,Grüner Samt,2012,I got 5
Rap,Marsimoto,Grüner Samt,2012,Absinth
Rap,Marsimoto,Grüner Samt,2012,Blaue Lagune
Rap,Marsimoto,Grüner Samt,2012,Angst
Rap,Marsimoto,Grüner Samt,2012,Wo ist der Beat
Rap,Marsimoto,Grüner Samt,2012,Für Uwe
Rap,Marsimoto,Grüner Samt,2012,Der Sänger von Björk
Rap,Marsimoto,Grüner Samt,2012,Green Granada
Rap,Massive Töne,1996,2014,Kopfnicker
Rap,Massive Töne,1996,2014,Nichtsnutz
Rap,Massive Töne,1996,2014,Ausbruch
Rap,Massive Töne,1996,2014,Jurastapark
Rap,Massive Töne,1996,2014,Trend II
Rap,Massive Töne,Überfall,1999,Unterschied
Rap,Massive Töne,Überfall,1999,Rapgame
Rap,Massive Töne,Überfall,1999,Hände Hoch
Rap,Massive Töne,Überfall,1999,Kids
Rap,Massive Töne,Überfall,1999,Zeit
Rap,Massive Töne,Überfall,1999,Paff Paff Putos
Rap,Massive Töne,MT3,2002,Cruisen
Rap,Massive Töne,MT3,2002,Stress
Rap,Massive Töne,MT3,2002,Traumreise
Rap,Max Herre,Max Herre,2004,Mein Song
Rap,Max Herre,Max Herre,2004,1ste Liebe
Rap,Max Herre,Max Herre,2004,King vom Prenzlauer Berg
Rap,Max Herre,Max Herre,2004,Playground
Rap,Max Herre,Max Herre,2004,Jerusalem
Rap,Max Herre,Max Herre,2004,Sei Tu
Rap,Max Herre,Max Herre,2004,Wie Du bist
Rap,Max Herre,Max Herre,2004,Zu Elektrisch
Rap,Max Herre,Max Herre,2004,Du Weisst (Bye Bye Baby)
Rap,Max Herre,Max Herre,2004,Alter Weg
Rap,Max Herre,Max Herre,2004,So Easy
Rap,Max Herre,Ein Geschenkter Tag,2009,Blick nach vorn
Rap,Max Herre,Ein Geschenkter Tag,2009,Geschenkter Tag
Rap,Max Herre,Ein Geschenkter Tag,2009,Scherben
Rap,Max Herre,Ein Geschenkter Tag,2009,Weg von hier
Rap,Max Herre,Hallo Welt!,2012,Hallo Welt!
Rap,Max Herre,Hallo Welt!,2012,Aufruhr (Freedom Time)
Rap,Max Herre,Hallo Welt!,2012,DuDuDu
Rap,Max Herre,Hallo Welt!,2012,Jeder Tag zuviel
Rap,Max Herre,Hallo Welt!,2012,Wolke 7
Rap,Max Herre,Hallo Welt!,2012,Solang
Rap,Max Herre,Hallo Welt!,2012,Einstürzen neubauen
Rap,Max Herre,Hallo Welt!,2012,Fühlt sich wie fliegen an
Rap,Max Herre,Hallo Welt!,2012,1992
Rap,Max Herre,Hallo Welt!,2012,Vida
Rap,Max Herre,Hallo Welt!,2012,Kahedi Dub
Rap,Max Herre,Hallo Welt!,2012,Berlin-Tel Aviv
Rap,Max Herre,Hallo Welt!,2012,So wundervoll
Rap,Max Herre,Hallo Welt!,2012,Nicht vorbei (Bis es vorbei ist)
Rap,Max Herre,Hallo Welt!,2012,Abserviert
Rap,Max Herre,Hallo Welt!,2012,Rap ist
Rap,Max Herre,Hallo Welt!,2012,Yvonne
Rap,Max Herre,Hallo Welt!,2012,Fremde
Rap,Peter Fox,Stadtaffe,2008,Alles neu
Rap,Peter Fox,Stadtaffe,2008,Schwarz zu blau
Rap,Peter Fox,Stadtaffe,2008,Haus am See
Rap,Peter Fox,Stadtaffe,2008,Kopf verloren
Rap,Peter Fox,Stadtaffe,2008,Das zweite Gesicht
Rap,Peter Fox,Stadtaffe,2008,Der letzte Tag
Rap,Peter Fox,Stadtaffe,2008,Stadtaffe
Rap,Peter Fox,Stadtaffe,2008,Fieber
Rap,Peter Fox,Stadtaffe,2008,Schüttel deinen Speck
Rap,Peter Fox,Stadtaffe,2008,Zucker
Rap,Prinz Pi,Teenage Mutant Horror Show,2005,Zurück aus der Zukunft
Rap,Prinz Pi,Teenage Mutant Horror Show,2005,Unsere Zeit
Rap,Prinz Pi,Teenage Mutant Horror Show,2005,Keine Zukunft
Rap,Prinz Pi,Teenage Mutant Horror Show,2005,Mach was du willst
Rap,Prinz Pi,Teenage Mutant Horror Show,2005,Teufel im Schafspelz
Rap,Prinz Pi,Teenage Mutant Horror Show,2005,So Real
Rap,Prinz Pi,Teenage Mutant Horror Show,2005,Kind ohne Namen
Rap,Prinz Pi,Teenage Mutant Horror Show,2005,333StrassenDerKindheit
Rap,Prinz Pi,Teenage Mutant Horror Show,2005,Besser dich
Rap,Prinz Pi,Teenage Mutant Horror Show,2005,Gold sinkt nach unten
Rap,Prinz Pi,Teenage Mutant Horror Show,2005,Mich hat jeder gekannt
Rap,Prinz Pi,Teenage Mutant Horror Show,2005,Scharfes Schwert
Rap,Prinz Pi,Teenage Mutant Horror Show,2005,Ohne Pee
Rap,Prinz Pi,Teenage Mutant Horror Show,2005,So real
Rap,Prinz Pi,Teenage Mutant Horror Show,2005,Kind ohne Namen
Rap,Prinz Pi,Teenage Mutant Horror Show,2005,Gold sinkt nach unten
Rap,Prinz Pi,Teenage Mutant Horror Show,2005,Sneakerking
Rap,Prinz Pi,Teenage Mutant Horror Show,2005,Schöne neue Welt
Rap,Prinz Pi,Teenage Mutant Horror Show,2005,Es ist immer das gleiche
Rap,Prinz Pi,Teenage Mutant Horror Show,2005,Teenage Mutant Horror Show
Rap,Prinz Pi,Teenage Mutant Horror Show,2005,Würfel
Rap,Prinz Pi,Zeit Ist Geld,2005,Leerlauf
Rap,Prinz Pi,Zeit Ist Geld,2005,Ich bleibe da
Rap,Prinz Pi,Zeit Ist Geld,2005,Schlussstrich
Rap,Prinz Pi,Zeit Ist Geld,2005,Neubeginn
Rap,Prinz Pi,Zeit Ist Geld,2005,Gegen die Wand
Rap,Prinz Pi,Zeit Ist Geld,2005,Wunderkind 2
Rap,Prinz Pi,Zeit Ist Geld,2005,Generation Counterstrike
Rap,Prinz Pi,Zeit Ist Geld,2005,Trau dich
Rap,Prinz Pi,Zeit Ist Geld,2005,Das ist Berlin
Rap,Prinz Pi,Zeit Ist Geld,2005,Kkff
Rap,Prinz Pi,Zeit Ist Geld,2005,Ausser Pee
Rap,Prinz Pi,Zeit Ist Geld,2005,Trauriges Leben
Rap,Prinz Pi,Zeit Ist Geld,2005,Dies das
Rap,Prinz Pi,Zeit Ist Geld,2005,Raus aus unserem Garten
Rap,Prinz Pi,Zeit Ist Geld,2005,Waffenschein
Rap,Prinz Pi,Zeit Ist Geld,2005,Wie sonst keiner
Rap,Prinz Pi,Donnerwetter,2006,Die Bomben Schlafen
Rap,Prinz Pi,Donnerwetter,2006,Von und Zu
Rap,Prinz Pi,Donnerwetter,2006,Meine Roots
Rap,Prinz Pi,Donnerwetter,2006,Peng! Peng! Peng!
Rap,Prinz Pi,Donnerwetter,2006,So Viele Fragen
Rap,Prinz Pi,Donnerwetter,2006,Singt Die Lieder
Rap,Prinz Pi,Donnerwetter,2006,Herr Claasen
Rap,Prinz Pi,Donnerwetter,2006,Keine Idole
Rap,Prinz Pi,Donnerwetter,2006,Wie Die Zeit Vergeht
Rap,Prinz Pi,Donnerwetter,2006,Schreibmaschine
Rap,Prinz Pi,Donnerwetter,2006,Meene Stadt
Rap,Prinz Pi,Donnerwetter,2006,Zünd die Welt an
Rap,Prinz Pi,Donnerwetter,2006,Schwarz Ist Das Neue Schwarz
Rap,Prinz Pi,Donnerwetter,2006,Der Rand
Rap,Prinz Pi,Donnerwetter,2006,Ich Gehe
Rap,Prinz Pi,Neopunk,2008,Super Seiajin
Rap,Prinz Pi,Neopunk,2008,8-Bit Untergrund
Rap,Prinz Pi,Neopunk,2008,Gib dem Affen Zucker
Rap,Prinz Pi,Neopunk,2008,Kann es sein
Rap,Prinz Pi,Neopunk,2008,Nerdhymne
Rap,Prinz Pi,Neopunk,2008,Schlag die Faust
Rap,Prinz Pi,Neopunk,2008,Affen an die Macht
Rap,Prinz Pi,Neopunk,2008,Schläferstündchen
Rap,Prinz Pi,Neopunk,2008,2030
Rap,Prinz Pi,Neopunk,2008,Aschenbecher
Rap,Prinz Pi,Neopunk,2008,Mein Blut
Rap,Prinz Pi,Neopunk,2008,Bevor ich aufschlage
Rap,Prinz Pi,Neopunk,2008,Schädelficken
Rap,Prinz Pi,Neopunk,2008,Spür die Wut
Rap,Prinz Pi,Neopunk,2008,Wir bleiben immer Anti
Rap,Prinz Pi,Neopunk,2008,Spring!
Rap,Prinz Pi,Neopunk,2008,Ein Bizchen mehr
Rap,Prinz Pi,Neopunk,2008,Wir werden nie erwachsen
Rap,Prinz Pi,Neopunk,2008,1 Leben lang
Rap,Prinz Pi,Neopunk,2008,Der Angsthasentwist
Rap,Prinz Pi,Neopunk,2008,Sieben Sünden
Rap,Prinz Pi,Illuminati,2010,Grabstein Introvativ
Rap,Prinz Pi,Illuminati,2010,Illuminati Reflux
Rap,Prinz Pi,Illuminati,2010,Illuminati Res Medias
Rap,Prinz Pi,Illuminati,2010,2013
Rap,Prinz Pi,Illuminati,2010,Mann vom Mars
Rap,Prinz Pi,Illuminati,2010,Die Party ist over
Rap,Prinz Pi,Illuminati,2010,Wenn es Nacht wird
Rap,Prinz Pi,Illuminati,2010,Ob ich will oder nicht
Rap,Prinz Pi,Illuminati,2010,Unendlich sein
Rap,Prinz Pi,Illuminati,2010,Nie wieder
Rap,Prinz Pi,Rebell Ohne Grund,2011,Bombenwetter
Rap,Prinz Pi,Rebell Ohne Grund,2011,Du bist
Rap,Prinz Pi,Rebell Ohne Grund,2011,Virus
Rap,Prinz Pi,Rebell Ohne Grund,2011,Generation Porno
Rap,Prinz Pi,Rebell Ohne Grund,2011,Etc.
Rap,Prinz Pi,Rebell Ohne Grund,2011,Schlaflied
Rap,Prinz Pi,Rebell Ohne Grund,2011,Wunderkind
Rap,Prinz Pi,Rebell Ohne Grund,2011,Marathon Mann
Rap,Prinz Pi,Rebell Ohne Grund,2011,Wieder und wieder
Rap,Prinz Pi,Rebell Ohne Grund,2011,Königin von Kreuzberg
Rap,Prinz Pi,Rebell Ohne Grund,2011,Rand II
Rap,Prinz Pi,Rebell Ohne Grund,2011,Morgengrauen
Rap,Prinz Pi,Rebell Ohne Grund,2011,Laura
Rap,Prinz Pi,Rebell Ohne Grund,2011,Beweis dagegen
Rap,Prinz Pi,Kompass Ohne Norden,2013,Fähnchen im Wind
Rap,Prinz Pi,Kompass Ohne Norden,2013,Moderne Zeiten
Rap,Prinz Pi,Kompass Ohne Norden,2013,Kompass ohne Norden
Rap,Prinz Pi,Kompass Ohne Norden,2013,Frühstücksclub der toten Dichter
Rap,Prinz Pi,Kompass Ohne Norden,2013,100X
Rap,Prinz Pi,Kompass Ohne Norden,2013,Glück
Rap,Prinz Pi,Kompass Ohne Norden,2013,Säulen der Gesellschaft
Rap,Prinz Pi,Kompass Ohne Norden,2013,Rost
Rap,Prinz Pi,Kompass Ohne Norden,2013,Schwarze Wolke
Rap,Prinz Pi,Kompass Ohne Norden,2013,Die letzte Ex
Rap,Prinz Pi,Kompass Ohne Norden,2013,Asoziale Kontakte
Rap,Prinz Pi,Kompass Ohne Norden,2013,Unser Platz
Rap,Prinz Pi,Kompass Ohne Norden,2013,Dumm
Rap,Samy Deluxe,Samy Deluxe,2001,Wickeda MC
Rap,Samy Deluxe,Samy Deluxe,2001,Die Meisten
Rap,Samy Deluxe,Samy Deluxe,2001,S.O.S.
Rap,Samy Deluxe,Samy Deluxe,2001,Eppendorf
Rap,Samy Deluxe,Samy Deluxe,2001,Positiv
Rap,Samy Deluxe,Samy Deluxe,2001,Der Beste
Rap,Samy Deluxe,Samy Deluxe,2001,Sensationell
Rap,Samy Deluxe,Samy Deluxe,2001,Samy Deluxe 2001
Rap,Samy Deluxe,Samy Deluxe,2001,Dreist
Rap,Samy Deluxe,Samy Deluxe,2001,Hausfriedensbruch
Rap,Samy Deluxe,Samy Deluxe,2001,Session
Rap,Samy Deluxe,Samy Deluxe,2001,Weck Mich Auf
Rap,Samy Deluxe,Samy Deluxe,2001,International Love
Rap,Samy Deluxe,Samy Deluxe,2001,Mach Schluß
Rap,Samy Deluxe,Dis Wo Ich Herkomm,2009,Dis wo ich herkomm
Rap,Samy Deluxe,Dis Wo Ich Herkomm,2009,Bis die Sonne rauskommt
Rap,Samy Deluxe,Dis Wo Ich Herkomm,2009,Wer ich bin
Rap,Samy Deluxe,Dis Wo Ich Herkomm,2009,Wir sind keine Kinder mehr
Rap,Samy Deluxe,Dis Wo Ich Herkomm,2009,Vatertag
Rap,Samy Deluxe,Dis Wo Ich Herkomm,2009,Oma Song
Rap,Samy Deluxe,Dis Wo Ich Herkomm,2009,Superheld
Rap,Samy Deluxe,Dis Wo Ich Herkomm,2009,Erster
Rap,Samy Deluxe,Dis Wo Ich Herkomm,2009,Musik um durch den Tag zu komm
Rap,Samy Deluxe,Dis Wo Ich Herkomm,2009,Stumm
Rap,Samy Deluxe,Dis Wo Ich Herkomm,2009,Sowieso schwer
Rap,Samy Deluxe,Dis Wo Ich Herkomm,2009,Sprech wie ich sprech
Rap,Samy Deluxe,SchwarzWeiss,2011,Poesie Album
Rap,Samy Deluxe,SchwarzWeiss,2011,Ego
Rap,Samy Deluxe,SchwarzWeiss,2011,Eines Tages
Rap,Samy Deluxe,SchwarzWeiss,2011,Wer Wird Millionär
Rap,Samy Deluxe,SchwarzWeiss,2011,Strassen Musik
Rap,Samy Deluxe,SchwarzWeiss,2011,Zurück Zu Wir
Rap,Samy Deluxe,SchwarzWeiss,2011,Keine Wahre Geschichte
Rap,Samy Deluxe,SchwarzWeiss,2011,Rap Genie
Rap,Samy Deluxe,SchwarzWeiss,2011,Allein
Rap,Samy Deluxe,SchwarzWeiss,2011,Doppelt VIP
Rap,Samy Deluxe,SchwarzWeiss,2011,Vater Im Himmel
Rap,Samy Deluxe,SchwarzWeiss,2011,Hände Hoch
Rap,Samy Deluxe,SchwarzWeiss,2011,SchwarzWeiss
Rap,Samy Deluxe,SchwarzWeiss,2011,Unbeschriebenes Blatt
Rap,Samy Deluxe,SchwarzWeiss,2011,Stolz Auf Mich
Rap,Samy Deluxe,SchwarzWeiss,2011,Höhenflug
Rap,Seeed,Music Monks,2003,Music Monks
Rap,Seeed,Music Monks,2003,What You Deserve Is What You Get
Rap,Seeed,Music Monks,2003,Respectness
Rap,Seeed,Music Monks,2003,Release
Rap,Seeed,Music Monks,2003,Pressure
Rap,Seeed,Music Monks,2003,Double Soul
Rap,Seeed,Music Monks,2003,Grosshirn
Rap,Seeed,Music Monks,2003,Goldmine
Rap,Seeed,Music Monks,2003,Waterpumpee
Rap,Seeed,Next!,2005,Schwinger
Rap,Seeed,Next!,2005,Next...!
Rap,Seeed,Next!,2005,Aufstehn!
Rap,Seeed,Next!,2005,Stand Up
Rap,Seeed,Next!,2005,Tight Pants
Rap,Seeed,Next!,2005,Goosebumps
Rap,Seeed,Next!,2005,Ding
Rap,Seeed,Seeed,2012,Deine Zeit
Rap,Seeed,Seeed,2012,Augenbling
Rap,Seeed,Seeed,2012,Waste My Time
Rap,Seeed,Seeed,2012,Seeeds Haus
Rap,Seeed,Seeed,2012,Elephants
Rap,Seeed,Seeed,2012,Lovelee
Rap,Seeed,Seeed,2012,Molotov
Rap,Sido,Maske,2004,Mein Block
Rap,Sido,Maske,2004,Maske
Rap,Sido,Maske,2004,Mama ist stolz
Rap,Sido,Maske,2004,Sido und die Drogen
Rap,Sido,Maske,2004,Endlich Wochenende
Rap,Sido,Maske,2004,3 Leben
Rap,Sido,Maske,2004,Knast
Rap,Sido,Maske,2004,Taxi
Rap,Sido,Maske,2004,Fuffies im Club
Rap,Sido,Maske,2004,Die Sekte
Rap,Sido,Maske,2004,Ghettoloch
Rap,Sido,Ich,2006,Goldjunge
Rap,Sido,Ich,2006,Strassenjunge
Rap,Sido,Ich,2006,Schlechtes Vorbild
Rap,Sido,Ich,2006,Ihr habt uns so gemacht
Rap,Sido,Ich,2006,Mach keine faxen
Rap,Sido,Ich,2006,Bergab
Rap,Sido,Ich,2006,Ein Teil von mir
Rap,Sido,Ich,2006,Nie wieder
Rap,Sido,Ich,2006,Ich kiff nicht mehr
Rap,Sido,Ich,2006,1000 Fragen
Rap,Sido,Ich,2006,Ich hasse Dich
Rap,Sido,Ich,2006,GZSZ
Rap,Sido,Ich,2006,Mein Testament
Rap,Sido,Ich,2006,Ficken
Rap,Sido,Ich,2006,Rodeo
Rap,Sido,Ich,2006,Sarah
Rap,Sido,30-11-80,2013,Hier bin ich wieder
Rap,Sido,30-11-80,2013,Es war einmal
Rap,Sido,30-11-80,2013,So wie du
Rap,Sido,30-11-80,2013,Irgendwo wartet jemand
Rap,Sido,30-11-80,2013,Enrico
Rap,Sido,30-11-80,2013,Einer muss es machen
Rap,Sido,30-11-80,2013,Arbeit
Rap,Sido,30-11-80,2013,Einer dieser Steine
Rap,Sido,30-11-80,2013,Liebe
Rap,Sido,30-11-80,2013,Maskerade
Rap,Sido,30-11-80,2013,Grenzenlos
Rap,Sido,30-11-80,2013,Fühl dich frei
Rap,Sido,30-11-80,2013,30-11-80
Rap,Sido,VI,2015,Löwenzahn
Rap,Sido,VI,2015,Vom Frust der Reichen
Rap,Sido,VI,2015,Astronaut
Rap,Sido,VI,2015,Ackan
Rap,Sido,VI,2015,Zu wahr
Rap,Sido,VI,2015,Knochen und Fleisch
Rap,Sido,VI,2015,Gürtel am Arm
Rap,Sido,VI,2015,Zuhause ist die Welt noch in Ordnung
Rap,Sido,VI,2015,Selfie
Rap,Sido,VI,2015,So war das
Rap,Sido,VI,2015,Entspannt
Rap,Sido,VI,2015,Zu Straße
Rap,Sido,Das Goldene Album,2016,Ganz unten
Rap,Sido,Das Goldene Album,2016,Hamdullah
Rap,Sido,Das Goldene Album,2016,Masafaka
Rap,Sido,Das Goldene Album,2016,Geuner
Rap,Sido,Das Goldene Album,2016,Papa ist da
Rap,Sido,Das Goldene Album,2016,Der einzige Weg
Rap,Sido,Das Goldene Album,2016,Striche zählen
Rap,Sido,Das Goldene Album,2016,Diese Mucke
Rap,Sido,Das Goldene Album,2016,Männaz mit Vaginaz
Rap,Sido,Das Goldene Album,2016,Alkohol
Rap,Sido,Das Goldene Album,2016,Bljad
Rap,Sido,Das Goldene Album,2016,Ja man
Rap,Sido,Das Goldene Album,2016,Siggi Siggi Siggi
Rap,Summer Cem,Feierabend,2010,Sturm
Rap,Summer Cem,Feierabend,2010,Feierabend
Rap,Summer Cem,Feierabend,2010,Laser
Rap,Summer Cem,Feierabend,2010,Katapult
Rap,Summer Cem,Feierabend,2010,Fotze
Rap,Summer Cem,Feierabend,2010,Diesesmal
Rap,Summer Cem,Feierabend,2010,Ich Ticke
Rap,Summer Cem,Feierabend,2010,Madrid
Rap,Summer Cem,Feierabend,2010,Original
Rap,Summer Cem,Feierabend,2010,Youtube
Rap,Summer Cem,Feierabend,2010,Bol Chance
Rap,Summer Cem,Feierabend,2010,Oh No!
Rap,Summer Cem,Feierabend,2010,Kein Mann Von Welt
Rap,Summer Cem,Feierabend,2010,Schreit Summer
